<?xml version="1.0" encoding="utf-8"?>
<cwbopendata xmlns="urn:cwb:gov:tw:cwbcommon:0.1">
  <identifier>0eb8cb08-4a1f-435d-a8b4-8b045b060c2f</identifier>
  <sender>weather@cwb.gov.tw</sender>
  <sent>2021-02-02T21:39:52+08:00</sent>
  <status>Actual</status>
  <scope>Public</scope>
  <msgType>Issue</msgType>
  <dataid>null</dataid>
  <source>MFC</source>
  <dataset>
    <datasetInfo>
      <datasetDescription>臺灣各縣市鄉鎮未來1週逐24小時天氣預報</datasetDescription>
      <datasetLanguage>zh-TW</datasetLanguage>
      <issueTime>2021-02-02T23:00:00+08:00</issueTime>
      <validTime>
        <startTime>2021-02-03T00:00:00+08:00</startTime>
        <endTime>2021-02-10T23:00:00+08:00</endTime>
      </validTime>
      <update>2021-02-02T21:39:52+08:00</update>
    </datasetInfo>
    <locations>
      <locationsName>嘉義市</locationsName>
      <location>
        <locationName>東區</locationName>
        <geocode>1002001</geocode>
        <lat>23.480384</lat>
        <lon>120.445361</lon>
        <weatherElement>
          <elementName>T</elementName>
          <description>平均溫度</description>
          <time>
            <startTime>2021-02-03T00:00:00+08:00</startTime>
            <endTime>2021-02-04T00:00:00+08:00</endTime>
            <elementValue>
              <value>18</value>
              <measures>攝氏度</measures>
            </elementValue>
          </time>
          <time>
            <startTime>2021-02-04T00:00:00+08:00</startTime>
            <endTime>2021-02-05T00:00:00+08:00</endTime>
            <elementValue>
              <value>19</value>
              <measures>攝氏度</measures>
            </elementValue>
          </time>
          <time>
            <startTime>2021-02-05T00:00:00+08:00</startTime>
            <endTime>2021-02-06T00:00:00+08:00</endTime>
            <elementValue>
              <value>19</value>
              <measures>攝氏度</measures>
            </elementValue>
          </time>
          <time>
            <startTime>2021-02-06T00:00:00+08:00</startTime>
            <endTime>2021-02-07T00:00:00+08:00</endTime>
            <elementValue>
              <value>20</value>
              <measures>攝氏度</measures>
            </elementValue>
          </time>
          <time>
            <startTime>2021-02-07T00:00:00+08:00</startTime>
            <endTime>2021-02-08T00:00:00+08:00</endTime>
            <elementValue>
              <value>20</value>
              <measures>攝氏度</measures>
            </elementValue>
          </time>
          <time>
            <startTime>2021-02-08T00:00:00+08:00</startTime>
            <endTime>2021-02-09T00:00:00+08:00</endTime>
            <elementValue>
              <value>21</value>
              <measures>攝氏度</measures>
            </elementValue>
          </time>
          <time>
            <startTime>2021-02-09T00:00:00+08:00</startTime>
            <endTime>2021-02-10T00:00:00+08:00</endTime>
            <elementValue>
              <value>21</value>
              <measures>攝氏度</measures>
            </elementValue>
          </time>
        </weatherElement>
        <weatherElement>
          <elementName>Td</elementName>
          <description>平均露點溫度</description>
          <time>
            <startTime>2021-02-03T00:00:00+08:00</startTime>
            <endTime>2021-02-04T00:00:00+08:00</endTime>
            <elementValue>
              <value>14</value>
              <measures>攝氏度</measures>
            </elementValue>
          </time>
          <time>
            <startTime>2021-02-04T00:00:00+08:00</startTime>
            <endTime>2021-02-05T00:00:00+08:00</endTime>
            <elementValue>
              <value>14</value>
              <measures>攝氏度</measures>
            </elementValue>
          </time>
          <time>
            <startTime>2021-02-05T00:00:00+08:00</startTime>
            <endTime>2021-02-06T00:00:00+08:00</endTime>
            <elementValue>
              <value>15</value>
              <measures>攝氏度</measures>
            </elementValue>
          </time>
          <time>
            <startTime>2021-02-06T00:00:00+08:00</startTime>
            <endTime>2021-02-07T00:00:00+08:00</endTime>
            <elementValue>
              <value>15</value>
              <measures>攝氏度</measures>
            </elementValue>
          </time>
          <time>
            <startTime>2021-02-07T00:00:00+08:00</startTime>
            <endTime>2021-02-08T00:00:00+08:00</endTime>
            <elementValue>
              <value>15</value>
              <measures>攝氏度</measures>
            </elementValue>
          </time>
          <time>
            <startTime>2021-02-08T00:00:00+08:00</startTime>
            <endTime>2021-02-09T00:00:00+08:00</endTime>
            <elementValue>
              <value>15</value>
              <measures>攝氏度</measures>
            </elementValue>
          </time>
          <time>
            <startTime>2021-02-09T00:00:00+08:00</startTime>
            <endTime>2021-02-10T00:00:00+08:00</endTime>
            <elementValue>
              <value>16</value>
              <measures>攝氏度</measures>
            </elementValue>
          </time>
        </weatherElement>
        <weatherElement>
          <elementName>RH</elementName>
          <description>平均相對濕度</description>
          <time>
            <startTime>2021-02-03T00:00:00+08:00</startTime>
            <endTime>2021-02-04T00:00:00+08:00</endTime>
            <elementValue>
              <value>76</value>
              <measures>百分比</measures>
            </elementValue>
          </time>
          <time>
            <startTime>2021-02-04T00:00:00+08:00</startTime>
            <endTime>2021-02-05T00:00:00+08:00</endTime>
            <elementValue>
              <value>74</value>
              <measures>百分比</measures>
            </elementValue>
          </time>
          <time>
            <startTime>2021-02-05T00:00:00+08:00</startTime>
            <endTime>2021-02-06T00:00:00+08:00</endTime>
            <elementValue>
              <value>78</value>
              <measures>百分比</measures>
            </elementValue>
          </time>
          <time>
            <startTime>2021-02-06T00:00:00+08:00</startTime>
            <endTime>2021-02-07T00:00:00+08:00</endTime>
            <elementValue>
              <value>77</value>
              <measures>百分比</measures>
            </elementValue>
          </time>
          <time>
            <startTime>2021-02-07T00:00:00+08:00</startTime>
            <endTime>2021-02-08T00:00:00+08:00</endTime>
            <elementValue>
              <value>76</value>
              <measures>百分比</measures>
            </elementValue>
          </time>
          <time>
            <startTime>2021-02-08T00:00:00+08:00</startTime>
            <endTime>2021-02-09T00:00:00+08:00</endTime>
            <elementValue>
              <value>74</value>
              <measures>百分比</measures>
            </elementValue>
          </time>
          <time>
            <startTime>2021-02-09T00:00:00+08:00</startTime>
            <endTime>2021-02-10T00:00:00+08:00</endTime>
            <elementValue>
              <value>74</value>
              <measures>百分比</measures>
            </elementValue>
          </time>
        </weatherElement>
        <weatherElement>
          <elementName>MaxT</elementName>
          <description>最高溫度</description>
          <time>
            <startTime>2021-02-03T00:00:00+08:00</startTime>
            <endTime>2021-02-04T00:00:00+08:00</endTime>
            <elementValue>
              <value>26</value>
              <measures>攝氏度</measures>
            </elementValue>
          </time>
          <time>
            <startTime>2021-02-04T00:00:00+08:00</startTime>
            <endTime>2021-02-05T00:00:00+08:00</endTime>
            <elementValue>
              <value>27</value>
              <measures>攝氏度</measures>
            </elementValue>
          </time>
          <time>
            <startTime>2021-02-05T00:00:00+08:00</startTime>
            <endTime>2021-02-06T00:00:00+08:00</endTime>
            <elementValue>
              <value>26</value>
              <measures>攝氏度</measures>
            </elementValue>
          </time>
          <time>
            <startTime>2021-02-06T00:00:00+08:00</startTime>
            <endTime>2021-02-07T00:00:00+08:00</endTime>
            <elementValue>
              <value>26</value>
              <measures>攝氏度</measures>
            </elementValue>
          </time>
          <time>
            <startTime>2021-02-07T00:00:00+08:00</startTime>
            <endTime>2021-02-08T00:00:00+08:00</endTime>
            <elementValue>
              <value>27</value>
              <measures>攝氏度</measures>
            </elementValue>
          </time>
          <time>
            <startTime>2021-02-08T00:00:00+08:00</startTime>
            <endTime>2021-02-09T00:00:00+08:00</endTime>
            <elementValue>
              <value>28</value>
              <measures>攝氏度</measures>
            </elementValue>
          </time>
          <time>
            <startTime>2021-02-09T00:00:00+08:00</startTime>
            <endTime>2021-02-10T00:00:00+08:00</endTime>
            <elementValue>
              <value>28</value>
              <measures>攝氏度</measures>
            </elementValue>
          </time>
        </weatherElement>
        <weatherElement>
          <elementName>MinT</elementName>
          <description>最低溫度</description>
          <time>
            <startTime>2021-02-03T00:00:00+08:00</startTime>
            <endTime>2021-02-04T00:00:00+08:00</endTime>
            <elementValue>
              <value>13</value>
              <measures>攝氏度</measures>
            </elementValue>
          </time>
          <time>
            <startTime>2021-02-04T00:00:00+08:00</startTime>
            <endTime>2021-02-05T00:00:00+08:00</endTime>
            <elementValue>
              <value>13</value>
              <measures>攝氏度</measures>
            </elementValue>
          </time>
          <time>
            <startTime>2021-02-05T00:00:00+08:00</startTime>
            <endTime>2021-02-06T00:00:00+08:00</endTime>
            <elementValue>
              <value>14</value>
              <measures>攝氏度</measures>
            </elementValue>
          </time>
          <time>
            <startTime>2021-02-06T00:00:00+08:00</startTime>
            <endTime>2021-02-07T00:00:00+08:00</endTime>
            <elementValue>
              <value>15</value>
              <measures>攝氏度</measures>
            </elementValue>
          </time>
          <time>
            <startTime>2021-02-07T00:00:00+08:00</startTime>
            <endTime>2021-02-08T00:00:00+08:00</endTime>
            <elementValue>
              <value>16</value>
              <measures>攝氏度</measures>
            </elementValue>
          </time>
          <time>
            <startTime>2021-02-08T00:00:00+08:00</startTime>
            <endTime>2021-02-09T00:00:00+08:00</endTime>
            <elementValue>
              <value>16</value>
              <measures>攝氏度</measures>
            </elementValue>
          </time>
          <time>
            <startTime>2021-02-09T00:00:00+08:00</startTime>
            <endTime>2021-02-10T00:00:00+08:00</endTime>
            <elementValue>
              <value>17</value>
              <measures>攝氏度</measures>
            </elementValue>
          </time>
        </weatherElement>
        <weatherElement>
          <elementName>MaxAT</elementName>
          <description>最高體感溫度</description>
          <time>
            <startTime>2021-02-03T00:00:00+08:00</startTime>
            <endTime>2021-02-04T00:00:00+08:00</endTime>
            <elementValue>
              <value>26</value>
              <measures>攝氏度</measures>
            </elementValue>
          </time>
          <time>
            <startTime>2021-02-04T00:00:00+08:00</startTime>
            <endTime>2021-02-05T00:00:00+08:00</endTime>
            <elementValue>
              <value>27</value>
              <measures>攝氏度</measures>
            </elementValue>
          </time>
          <time>
            <startTime>2021-02-05T00:00:00+08:00</startTime>
            <endTime>2021-02-06T00:00:00+08:00</endTime>
            <elementValue>
              <value>27</value>
              <measures>攝氏度</measures>
            </elementValue>
          </time>
          <time>
            <startTime>2021-02-06T00:00:00+08:00</startTime>
            <endTime>2021-02-07T00:00:00+08:00</endTime>
            <elementValue>
              <value>27</value>
              <measures>攝氏度</measures>
            </elementValue>
          </time>
          <time>
            <startTime>2021-02-07T00:00:00+08:00</startTime>
            <endTime>2021-02-08T00:00:00+08:00</endTime>
            <elementValue>
              <value>27</value>
              <measures>攝氏度</measures>
            </elementValue>
          </time>
          <time>
            <startTime>2021-02-08T00:00:00+08:00</startTime>
            <endTime>2021-02-09T00:00:00+08:00</endTime>
            <elementValue>
              <value>28</value>
              <measures>攝氏度</measures>
            </elementValue>
          </time>
          <time>
            <startTime>2021-02-09T00:00:00+08:00</startTime>
            <endTime>2021-02-10T00:00:00+08:00</endTime>
            <elementValue>
              <value>28</value>
              <measures>攝氏度</measures>
            </elementValue>
          </time>
        </weatherElement>
        <weatherElement>
          <elementName>MinAT</elementName>
          <description>最低體感溫度</description>
          <time>
            <startTime>2021-02-03T00:00:00+08:00</startTime>
            <endTime>2021-02-04T00:00:00+08:00</endTime>
            <elementValue>
              <value>13</value>
              <measures>攝氏度</measures>
            </elementValue>
          </time>
          <time>
            <startTime>2021-02-04T00:00:00+08:00</startTime>
            <endTime>2021-02-05T00:00:00+08:00</endTime>
            <elementValue>
              <value>13</value>
              <measures>攝氏度</measures>
            </elementValue>
          </time>
          <time>
            <startTime>2021-02-05T00:00:00+08:00</startTime>
            <endTime>2021-02-06T00:00:00+08:00</endTime>
            <elementValue>
              <value>14</value>
              <measures>攝氏度</measures>
            </elementValue>
          </time>
          <time>
            <startTime>2021-02-06T00:00:00+08:00</startTime>
            <endTime>2021-02-07T00:00:00+08:00</endTime>
            <elementValue>
              <value>14</value>
              <measures>攝氏度</measures>
            </elementValue>
          </time>
          <time>
            <startTime>2021-02-07T00:00:00+08:00</startTime>
            <endTime>2021-02-08T00:00:00+08:00</endTime>
            <elementValue>
              <value>15</value>
              <measures>攝氏度</measures>
            </elementValue>
          </time>
          <time>
            <startTime>2021-02-08T00:00:00+08:00</startTime>
            <endTime>2021-02-09T00:00:00+08:00</endTime>
            <elementValue>
              <value>15</value>
              <measures>攝氏度</measures>
            </elementValue>
          </time>
          <time>
            <startTime>2021-02-09T00:00:00+08:00</startTime>
            <endTime>2021-02-10T00:00:00+08:00</endTime>
            <elementValue>
              <value>16</value>
              <measures>攝氏度</measures>
            </elementValue>
          </time>
        </weatherElement>
        <weatherElement>
          <elementName>MaxCI</elementName>
          <description>最大舒適度指數</description>
          <time>
            <startTime>2021-02-03T00:00:00+08:00</startTime>
            <endTime>2021-02-04T00:00:00+08:00</endTime>
            <elementValue>
              <value>23</value>
              <measures>NA</measures>
            </elementValue>
          </time>
          <time>
            <startTime>2021-02-04T00:00:00+08:00</startTime>
            <endTime>2021-02-05T00:00:00+08:00</endTime>
            <elementValue>
              <value>23</value>
              <measures>NA</measures>
            </elementValue>
          </time>
          <time>
            <startTime>2021-02-05T00:00:00+08:00</startTime>
            <endTime>2021-02-06T00:00:00+08:00</endTime>
            <elementValue>
              <value>23</value>
              <measures>NA</measures>
            </elementValue>
          </time>
          <time>
            <startTime>2021-02-06T00:00:00+08:00</startTime>
            <endTime>2021-02-07T00:00:00+08:00</endTime>
            <elementValue>
              <value>23</value>
              <measures>NA</measures>
            </elementValue>
          </time>
          <time>
            <startTime>2021-02-07T00:00:00+08:00</startTime>
            <endTime>2021-02-08T00:00:00+08:00</endTime>
            <elementValue>
              <value>23</value>
              <measures>NA</measures>
            </elementValue>
          </time>
          <time>
            <startTime>2021-02-08T00:00:00+08:00</startTime>
            <endTime>2021-02-09T00:00:00+08:00</endTime>
            <elementValue>
              <value>23</value>
              <measures>NA</measures>
            </elementValue>
          </time>
          <time>
            <startTime>2021-02-09T00:00:00+08:00</startTime>
            <endTime>2021-02-10T00:00:00+08:00</endTime>
            <elementValue>
              <value>24</value>
              <measures>NA</measures>
            </elementValue>
          </time>
        </weatherElement>
        <weatherElement>
          <elementName>MinCI</elementName>
          <description>最小舒適度指數</description>
          <time>
            <startTime>2021-02-03T00:00:00+08:00</startTime>
            <endTime>2021-02-04T00:00:00+08:00</endTime>
            <elementValue>
              <value>13</value>
              <measures>NA</measures>
            </elementValue>
          </time>
          <time>
            <startTime>2021-02-04T00:00:00+08:00</startTime>
            <endTime>2021-02-05T00:00:00+08:00</endTime>
            <elementValue>
              <value>13</value>
              <measures>NA</measures>
            </elementValue>
          </time>
          <time>
            <startTime>2021-02-05T00:00:00+08:00</startTime>
            <endTime>2021-02-06T00:00:00+08:00</endTime>
            <elementValue>
              <value>14</value>
              <measures>NA</measures>
            </elementValue>
          </time>
          <time>
            <startTime>2021-02-06T00:00:00+08:00</startTime>
            <endTime>2021-02-07T00:00:00+08:00</endTime>
            <elementValue>
              <value>15</value>
              <measures>NA</measures>
            </elementValue>
          </time>
          <time>
            <startTime>2021-02-07T00:00:00+08:00</startTime>
            <endTime>2021-02-08T00:00:00+08:00</endTime>
            <elementValue>
              <value>15</value>
              <measures>NA</measures>
            </elementValue>
          </time>
          <time>
            <startTime>2021-02-08T00:00:00+08:00</startTime>
            <endTime>2021-02-09T00:00:00+08:00</endTime>
            <elementValue>
              <value>15</value>
              <measures>NA</measures>
            </elementValue>
          </time>
          <time>
            <startTime>2021-02-09T00:00:00+08:00</startTime>
            <endTime>2021-02-10T00:00:00+08:00</endTime>
            <elementValue>
              <value>16</value>
              <measures>NA</measures>
            </elementValue>
          </time>
        </weatherElement>
        <weatherElement>
          <elementName>PoP24h</elementName>
          <description>24小時降雨機率</description>
          <time>
            <startTime>2021-02-03T00:00:00+08:00</startTime>
            <endTime>2021-02-04T00:00:00+08:00</endTime>
            <elementValue>
              <value>0</value>
              <measures>百分比</measures>
            </elementValue>
          </time>
          <time>
            <startTime>2021-02-04T00:00:00+08:00</startTime>
            <endTime>2021-02-05T00:00:00+08:00</endTime>
            <elementValue>
              <value>0</value>
              <measures>百分比</measures>
            </elementValue>
          </time>
          <time>
            <startTime>2021-02-05T00:00:00+08:00</startTime>
            <endTime>2021-02-06T00:00:00+08:00</endTime>
            <elementValue>
              <value>0</value>
              <measures>百分比</measures>
            </elementValue>
          </time>
          <time>
            <startTime>2021-02-06T00:00:00+08:00</startTime>
            <endTime>2021-02-07T00:00:00+08:00</endTime>
            <elementValue>
              <value> </value>
              <measures>百分比</measures>
            </elementValue>
          </time>
          <time>
            <startTime>2021-02-07T00:00:00+08:00</startTime>
            <endTime>2021-02-08T00:00:00+08:00</endTime>
            <elementValue>
              <value> </value>
              <measures>百分比</measures>
            </elementValue>
          </time>
          <time>
            <startTime>2021-02-08T00:00:00+08:00</startTime>
            <endTime>2021-02-09T00:00:00+08:00</endTime>
            <elementValue>
              <value> </value>
              <measures>百分比</measures>
            </elementValue>
          </time>
          <time>
            <startTime>2021-02-09T00:00:00+08:00</startTime>
            <endTime>2021-02-10T00:00:00+08:00</endTime>
            <elementValue>
              <value> </value>
              <measures>百分比</measures>
            </elementValue>
          </time>
        </weatherElement>
        <weatherElement>
          <elementName>WD</elementName>
          <description>風向</description>
          <time>
            <startTime>2021-02-03T00:00:00+08:00</startTime>
            <endTime>2021-02-04T00:00:00+08:00</endTime>
            <elementValue>
              <value>偏西風</value>
              <measures>8方位</measures>
            </elementValue>
          </time>
          <time>
            <startTime>2021-02-04T00:00:00+08:00</startTime>
            <endTime>2021-02-05T00:00:00+08:00</endTime>
            <elementValue>
              <value>東北風</value>
              <measures>8方位</measures>
            </elementValue>
          </time>
          <time>
            <startTime>2021-02-05T00:00:00+08:00</startTime>
            <endTime>2021-02-06T00:00:00+08:00</endTime>
            <elementValue>
              <value>偏南風</value>
              <measures>8方位</measures>
            </elementValue>
          </time>
          <time>
            <startTime>2021-02-06T00:00:00+08:00</startTime>
            <endTime>2021-02-07T00:00:00+08:00</endTime>
            <elementValue>
              <value>偏北風</value>
              <measures>8方位</measures>
            </elementValue>
          </time>
          <time>
            <startTime>2021-02-07T00:00:00+08:00</startTime>
            <endTime>2021-02-08T00:00:00+08:00</endTime>
            <elementValue>
              <value>偏北風</value>
              <measures>8方位</measures>
            </elementValue>
          </time>
          <time>
            <startTime>2021-02-08T00:00:00+08:00</startTime>
            <endTime>2021-02-09T00:00:00+08:00</endTime>
            <elementValue>
              <value>東北風</value>
              <measures>8方位</measures>
            </elementValue>
          </time>
          <time>
            <startTime>2021-02-09T00:00:00+08:00</startTime>
            <endTime>2021-02-10T00:00:00+08:00</endTime>
            <elementValue>
              <value>東北風</value>
              <measures>8方位</measures>
            </elementValue>
          </time>
        </weatherElement>
        <weatherElement>
          <elementName>WS</elementName>
          <description>最大風速</description>
          <time>
            <startTime>2021-02-03T00:00:00+08:00</startTime>
            <endTime>2021-02-04T00:00:00+08:00</endTime>
            <elementValue>
              <value>3</value>
              <measures>公尺/秒</measures>
            </elementValue>
            <elementValue>
              <value>2</value>
              <measures>蒲福風級</measures>
            </elementValue>
          </time>
          <time>
            <startTime>2021-02-04T00:00:00+08:00</startTime>
            <endTime>2021-02-05T00:00:00+08:00</endTime>
            <elementValue>
              <value>4</value>
              <measures>公尺/秒</measures>
            </elementValue>
            <elementValue>
              <value>3</value>
              <measures>蒲福風級</measures>
            </elementValue>
          </time>
          <time>
            <startTime>2021-02-05T00:00:00+08:00</startTime>
            <endTime>2021-02-06T00:00:00+08:00</endTime>
            <elementValue>
              <value>4</value>
              <measures>公尺/秒</measures>
            </elementValue>
            <elementValue>
              <value>3</value>
              <measures>蒲福風級</measures>
            </elementValue>
          </time>
          <time>
            <startTime>2021-02-06T00:00:00+08:00</startTime>
            <endTime>2021-02-07T00:00:00+08:00</endTime>
            <elementValue>
              <value>3</value>
              <measures>公尺/秒</measures>
            </elementValue>
            <elementValue>
              <value>2</value>
              <measures>蒲福風級</measures>
            </elementValue>
          </time>
          <time>
            <startTime>2021-02-07T00:00:00+08:00</startTime>
            <endTime>2021-02-08T00:00:00+08:00</endTime>
            <elementValue>
              <value>3</value>
              <measures>公尺/秒</measures>
            </elementValue>
            <elementValue>
              <value>2</value>
              <measures>蒲福風級</measures>
            </elementValue>
          </time>
          <time>
            <startTime>2021-02-08T00:00:00+08:00</startTime>
            <endTime>2021-02-09T00:00:00+08:00</endTime>
            <elementValue>
              <value>2</value>
              <measures>公尺/秒</measures>
            </elementValue>
            <elementValue>
              <value>2</value>
              <measures>蒲福風級</measures>
            </elementValue>
          </time>
          <time>
            <startTime>2021-02-09T00:00:00+08:00</startTime>
            <endTime>2021-02-10T00:00:00+08:00</endTime>
            <elementValue>
              <value>3</value>
              <measures>公尺/秒</measures>
            </elementValue>
            <elementValue>
              <value>2</value>
              <measures>蒲福風級</measures>
            </elementValue>
          </time>
        </weatherElement>
        <weatherElement>
          <elementName>Wx</elementName>
          <description>天氣現象</description>
          <time>
            <startTime>2021-02-03T00:00:00+08:00</startTime>
            <endTime>2021-02-04T00:00:00+08:00</endTime>
            <elementValue>
              <value>晴時多雲</value>
              <measures>自定義 Wx 文字</measures>
            </elementValue>
            <elementValue>
              <value>02</value>
              <measures>自定義 Wx 單位</measures>
            </elementValue>
          </time>
          <time>
            <startTime>2021-02-04T00:00:00+08:00</startTime>
            <endTime>2021-02-05T00:00:00+08:00</endTime>
            <elementValue>
              <value>晴時多雲</value>
              <measures>自定義 Wx 文字</measures>
            </elementValue>
            <elementValue>
              <value>02</value>
              <measures>自定義 Wx 單位</measures>
            </elementValue>
          </time>
          <time>
            <startTime>2021-02-05T00:00:00+08:00</startTime>
            <endTime>2021-02-06T00:00:00+08:00</endTime>
            <elementValue>
              <value>晴時多雲</value>
              <measures>自定義 Wx 文字</measures>
            </elementValue>
            <elementValue>
              <value>02</value>
              <measures>自定義 Wx 單位</measures>
            </elementValue>
          </time>
          <time>
            <startTime>2021-02-06T00:00:00+08:00</startTime>
            <endTime>2021-02-07T00:00:00+08:00</endTime>
            <elementValue>
              <value>晴時多雲</value>
              <measures>自定義 Wx 文字</measures>
            </elementValue>
            <elementValue>
              <value>02</value>
              <measures>自定義 Wx 單位</measures>
            </elementValue>
          </time>
          <time>
            <startTime>2021-02-07T00:00:00+08:00</startTime>
            <endTime>2021-02-08T00:00:00+08:00</endTime>
            <elementValue>
              <value>晴時多雲</value>
              <measures>自定義 Wx 文字</measures>
            </elementValue>
            <elementValue>
              <value>02</value>
              <measures>自定義 Wx 單位</measures>
            </elementValue>
          </time>
          <time>
            <startTime>2021-02-08T00:00:00+08:00</startTime>
            <endTime>2021-02-09T00:00:00+08:00</endTime>
            <elementValue>
              <value>晴時多雲</value>
              <measures>自定義 Wx 文字</measures>
            </elementValue>
            <elementValue>
              <value>02</value>
              <measures>自定義 Wx 單位</measures>
            </elementValue>
          </time>
          <time>
            <startTime>2021-02-09T00:00:00+08:00</startTime>
            <endTime>2021-02-10T00:00:00+08:00</endTime>
            <elementValue>
              <value>晴時多雲</value>
              <measures>自定義 Wx 文字</measures>
            </elementValue>
            <elementValue>
              <value>02</value>
              <measures>自定義 Wx 單位</measures>
            </elementValue>
          </time>
        </weatherElement>
        <weatherElement>
          <elementName>UVI</elementName>
          <description>紫外線指數</description>
          <time>
            <startTime>2021-02-03T06:00:00+08:00</startTime>
            <endTime>2021-02-03T18:00:00+08:00</endTime>
            <elementValue>
              <value>6</value>
              <measures>紫外線指數</measures>
            </elementValue>
            <elementValue>
              <value>高量級</value>
              <measures>曝曬級數</measures>
            </elementValue>
          </time>
          <time>
            <startTime>2021-02-04T06:00:00+08:00</startTime>
            <endTime>2021-02-04T18:00:00+08:00</endTime>
            <elementValue>
              <value>6</value>
              <measures>紫外線指數</measures>
            </elementValue>
            <elementValue>
              <value>高量級</value>
              <measures>曝曬級數</measures>
            </elementValue>
          </time>
          <time>
            <startTime>2021-02-05T06:00:00+08:00</startTime>
            <endTime>2021-02-05T18:00:00+08:00</endTime>
            <elementValue>
              <value>6</value>
              <measures>紫外線指數</measures>
            </elementValue>
            <elementValue>
              <value>高量級</value>
              <measures>曝曬級數</measures>
            </elementValue>
          </time>
          <time>
            <startTime>2021-02-06T06:00:00+08:00</startTime>
            <endTime>2021-02-06T18:00:00+08:00</endTime>
            <elementValue>
              <value>6</value>
              <measures>紫外線指數</measures>
            </elementValue>
            <elementValue>
              <value>高量級</value>
              <measures>曝曬級數</measures>
            </elementValue>
          </time>
          <time>
            <startTime>2021-02-07T06:00:00+08:00</startTime>
            <endTime>2021-02-07T18:00:00+08:00</endTime>
            <elementValue>
              <value>6</value>
              <measures>紫外線指數</measures>
            </elementValue>
            <elementValue>
              <value>高量級</value>
              <measures>曝曬級數</measures>
            </elementValue>
          </time>
          <time>
            <startTime>2021-02-08T06:00:00+08:00</startTime>
            <endTime>2021-02-08T18:00:00+08:00</endTime>
            <elementValue>
              <value>6</value>
              <measures>紫外線指數</measures>
            </elementValue>
            <elementValue>
              <value>高量級</value>
              <measures>曝曬級數</measures>
            </elementValue>
          </time>
          <time>
            <startTime>2021-02-09T06:00:00+08:00</startTime>
            <endTime>2021-02-09T18:00:00+08:00</endTime>
            <elementValue>
              <value>6</value>
              <measures>紫外線指數</measures>
            </elementValue>
            <elementValue>
              <value>高量級</value>
              <measures>曝曬級數</measures>
            </elementValue>
          </time>
        </weatherElement>
        <weatherElement>
          <elementName>WeatherDescription</elementName>
          <description>天氣預報綜合描述</description>
          <time>
            <startTime>2021-02-03T00:00:00+08:00</startTime>
            <endTime>2021-02-04T00:00:00+08:00</endTime>
            <elementValue>
              <value>晴時多雲。降雨機率 0%。溫度攝氏13至26度。寒冷至舒適。偏西風 風速2級(每秒3公尺)。相對濕度76%。</value>
              <measures>NA</measures>
            </elementValue>
          </time>
          <time>
            <startTime>2021-02-04T00:00:00+08:00</startTime>
            <endTime>2021-02-05T00:00:00+08:00</endTime>
            <elementValue>
              <value>晴時多雲。降雨機率 0%。溫度攝氏13至27度。寒冷至舒適。東北風 風速3級(每秒4公尺)。相對濕度74%。</value>
              <measures>NA</measures>
            </elementValue>
          </time>
          <time>
            <startTime>2021-02-05T00:00:00+08:00</startTime>
            <endTime>2021-02-06T00:00:00+08:00</endTime>
            <elementValue>
              <value>晴時多雲。降雨機率 0%。溫度攝氏14至26度。寒冷至舒適。偏南風 風速3級(每秒4公尺)。相對濕度78%。</value>
              <measures>NA</measures>
            </elementValue>
          </time>
          <time>
            <startTime>2021-02-06T00:00:00+08:00</startTime>
            <endTime>2021-02-07T00:00:00+08:00</endTime>
            <elementValue>
              <value>晴時多雲。溫度攝氏15至26度。寒冷至舒適。偏北風 風速2級(每秒3公尺)。相對濕度77%。</value>
              <measures>NA</measures>
            </elementValue>
          </time>
          <time>
            <startTime>2021-02-07T00:00:00+08:00</startTime>
            <endTime>2021-02-08T00:00:00+08:00</endTime>
            <elementValue>
              <value>晴時多雲。溫度攝氏16至27度。寒冷至舒適。偏北風 風速2級(每秒3公尺)。相對濕度76%。</value>
              <measures>NA</measures>
            </elementValue>
          </time>
          <time>
            <startTime>2021-02-08T00:00:00+08:00</startTime>
            <endTime>2021-02-09T00:00:00+08:00</endTime>
            <elementValue>
              <value>晴時多雲。溫度攝氏16至28度。寒冷至舒適。東北風 風速2級(每秒2公尺)。相對濕度74%。</value>
              <measures>NA</measures>
            </elementValue>
          </time>
          <time>
            <startTime>2021-02-09T00:00:00+08:00</startTime>
            <endTime>2021-02-10T00:00:00+08:00</endTime>
            <elementValue>
              <value>晴時多雲。溫度攝氏17至28度。稍有寒意至舒適。東北風 風速2級(每秒3公尺)。相對濕度74%。</value>
              <measures>NA</measures>
            </elementValue>
          </time>
        </weatherElement>
      </location>
      <location>
        <locationName>西區</locationName>
        <geocode>1002002</geocode>
        <lat>23.466267</lat>
        <lon>120.427285</lon>
        <weatherElement>
          <elementName>T</elementName>
          <description>平均溫度</description>
          <time>
            <startTime>2021-02-03T00:00:00+08:00</startTime>
            <endTime>2021-02-04T00:00:00+08:00</endTime>
            <elementValue>
              <value>19</value>
              <measures>攝氏度</measures>
            </elementValue>
          </time>
          <time>
            <startTime>2021-02-04T00:00:00+08:00</startTime>
            <endTime>2021-02-05T00:00:00+08:00</endTime>
            <elementValue>
              <value>19</value>
              <measures>攝氏度</measures>
            </elementValue>
          </time>
          <time>
            <startTime>2021-02-05T00:00:00+08:00</startTime>
            <endTime>2021-02-06T00:00:00+08:00</endTime>
            <elementValue>
              <value>19</value>
              <measures>攝氏度</measures>
            </elementValue>
          </time>
          <time>
            <startTime>2021-02-06T00:00:00+08:00</startTime>
            <endTime>2021-02-07T00:00:00+08:00</endTime>
            <elementValue>
              <value>20</value>
              <measures>攝氏度</measures>
            </elementValue>
          </time>
          <time>
            <startTime>2021-02-07T00:00:00+08:00</startTime>
            <endTime>2021-02-08T00:00:00+08:00</endTime>
            <elementValue>
              <value>20</value>
              <measures>攝氏度</measures>
            </elementValue>
          </time>
          <time>
            <startTime>2021-02-08T00:00:00+08:00</startTime>
            <endTime>2021-02-09T00:00:00+08:00</endTime>
            <elementValue>
              <value>21</value>
              <measures>攝氏度</measures>
            </elementValue>
          </time>
          <time>
            <startTime>2021-02-09T00:00:00+08:00</startTime>
            <endTime>2021-02-10T00:00:00+08:00</endTime>
            <elementValue>
              <value>21</value>
              <measures>攝氏度</measures>
            </elementValue>
          </time>
        </weatherElement>
        <weatherElement>
          <elementName>Td</elementName>
          <description>平均露點溫度</description>
          <time>
            <startTime>2021-02-03T00:00:00+08:00</startTime>
            <endTime>2021-02-04T00:00:00+08:00</endTime>
            <elementValue>
              <value>14</value>
              <measures>攝氏度</measures>
            </elementValue>
          </time>
          <time>
            <startTime>2021-02-04T00:00:00+08:00</startTime>
            <endTime>2021-02-05T00:00:00+08:00</endTime>
            <elementValue>
              <value>14</value>
              <measures>攝氏度</measures>
            </elementValue>
          </time>
          <time>
            <startTime>2021-02-05T00:00:00+08:00</startTime>
            <endTime>2021-02-06T00:00:00+08:00</endTime>
            <elementValue>
              <value>16</value>
              <measures>攝氏度</measures>
            </elementValue>
          </time>
          <time>
            <startTime>2021-02-06T00:00:00+08:00</startTime>
            <endTime>2021-02-07T00:00:00+08:00</endTime>
            <elementValue>
              <value>16</value>
              <measures>攝氏度</measures>
            </elementValue>
          </time>
          <time>
            <startTime>2021-02-07T00:00:00+08:00</startTime>
            <endTime>2021-02-08T00:00:00+08:00</endTime>
            <elementValue>
              <value>16</value>
              <measures>攝氏度</measures>
            </elementValue>
          </time>
          <time>
            <startTime>2021-02-08T00:00:00+08:00</startTime>
            <endTime>2021-02-09T00:00:00+08:00</endTime>
            <elementValue>
              <value>16</value>
              <measures>攝氏度</measures>
            </elementValue>
          </time>
          <time>
            <startTime>2021-02-09T00:00:00+08:00</startTime>
            <endTime>2021-02-10T00:00:00+08:00</endTime>
            <elementValue>
              <value>17</value>
              <measures>攝氏度</measures>
            </elementValue>
          </time>
        </weatherElement>
        <weatherElement>
          <elementName>RH</elementName>
          <description>平均相對濕度</description>
          <time>
            <startTime>2021-02-03T00:00:00+08:00</startTime>
            <endTime>2021-02-04T00:00:00+08:00</endTime>
            <elementValue>
              <value>78</value>
              <measures>百分比</measures>
            </elementValue>
          </time>
          <time>
            <startTime>2021-02-04T00:00:00+08:00</startTime>
            <endTime>2021-02-05T00:00:00+08:00</endTime>
            <elementValue>
              <value>77</value>
              <measures>百分比</measures>
            </elementValue>
          </time>
          <time>
            <startTime>2021-02-05T00:00:00+08:00</startTime>
            <endTime>2021-02-06T00:00:00+08:00</endTime>
            <elementValue>
              <value>80</value>
              <measures>百分比</measures>
            </elementValue>
          </time>
          <time>
            <startTime>2021-02-06T00:00:00+08:00</startTime>
            <endTime>2021-02-07T00:00:00+08:00</endTime>
            <elementValue>
              <value>79</value>
              <measures>百分比</measures>
            </elementValue>
          </time>
          <time>
            <startTime>2021-02-07T00:00:00+08:00</startTime>
            <endTime>2021-02-08T00:00:00+08:00</endTime>
            <elementValue>
              <value>79</value>
              <measures>百分比</measures>
            </elementValue>
          </time>
          <time>
            <startTime>2021-02-08T00:00:00+08:00</startTime>
            <endTime>2021-02-09T00:00:00+08:00</endTime>
            <elementValue>
              <value>77</value>
              <measures>百分比</measures>
            </elementValue>
          </time>
          <time>
            <startTime>2021-02-09T00:00:00+08:00</startTime>
            <endTime>2021-02-10T00:00:00+08:00</endTime>
            <elementValue>
              <value>77</value>
              <measures>百分比</measures>
            </elementValue>
          </time>
        </weatherElement>
        <weatherElement>
          <elementName>MaxT</elementName>
          <description>最高溫度</description>
          <time>
            <startTime>2021-02-03T00:00:00+08:00</startTime>
            <endTime>2021-02-04T00:00:00+08:00</endTime>
            <elementValue>
              <value>26</value>
              <measures>攝氏度</measures>
            </elementValue>
          </time>
          <time>
            <startTime>2021-02-04T00:00:00+08:00</startTime>
            <endTime>2021-02-05T00:00:00+08:00</endTime>
            <elementValue>
              <value>27</value>
              <measures>攝氏度</measures>
            </elementValue>
          </time>
          <time>
            <startTime>2021-02-05T00:00:00+08:00</startTime>
            <endTime>2021-02-06T00:00:00+08:00</endTime>
            <elementValue>
              <value>26</value>
              <measures>攝氏度</measures>
            </elementValue>
          </time>
          <time>
            <startTime>2021-02-06T00:00:00+08:00</startTime>
            <endTime>2021-02-07T00:00:00+08:00</endTime>
            <elementValue>
              <value>26</value>
              <measures>攝氏度</measures>
            </elementValue>
          </time>
          <time>
            <startTime>2021-02-07T00:00:00+08:00</startTime>
            <endTime>2021-02-08T00:00:00+08:00</endTime>
            <elementValue>
              <value>27</value>
              <measures>攝氏度</measures>
            </elementValue>
          </time>
          <time>
            <startTime>2021-02-08T00:00:00+08:00</startTime>
            <endTime>2021-02-09T00:00:00+08:00</endTime>
            <elementValue>
              <value>28</value>
              <measures>攝氏度</measures>
            </elementValue>
          </time>
          <time>
            <startTime>2021-02-09T00:00:00+08:00</startTime>
            <endTime>2021-02-10T00:00:00+08:00</endTime>
            <elementValue>
              <value>28</value>
              <measures>攝氏度</measures>
            </elementValue>
          </time>
        </weatherElement>
        <weatherElement>
          <elementName>MinT</elementName>
          <description>最低溫度</description>
          <time>
            <startTime>2021-02-03T00:00:00+08:00</startTime>
            <endTime>2021-02-04T00:00:00+08:00</endTime>
            <elementValue>
              <value>14</value>
              <measures>攝氏度</measures>
            </elementValue>
          </time>
          <time>
            <startTime>2021-02-04T00:00:00+08:00</startTime>
            <endTime>2021-02-05T00:00:00+08:00</endTime>
            <elementValue>
              <value>14</value>
              <measures>攝氏度</measures>
            </elementValue>
          </time>
          <time>
            <startTime>2021-02-05T00:00:00+08:00</startTime>
            <endTime>2021-02-06T00:00:00+08:00</endTime>
            <elementValue>
              <value>15</value>
              <measures>攝氏度</measures>
            </elementValue>
          </time>
          <time>
            <startTime>2021-02-06T00:00:00+08:00</startTime>
            <endTime>2021-02-07T00:00:00+08:00</endTime>
            <elementValue>
              <value>15</value>
              <measures>攝氏度</measures>
            </elementValue>
          </time>
          <time>
            <startTime>2021-02-07T00:00:00+08:00</startTime>
            <endTime>2021-02-08T00:00:00+08:00</endTime>
            <elementValue>
              <value>16</value>
              <measures>攝氏度</measures>
            </elementValue>
          </time>
          <time>
            <startTime>2021-02-08T00:00:00+08:00</startTime>
            <endTime>2021-02-09T00:00:00+08:00</endTime>
            <elementValue>
              <value>16</value>
              <measures>攝氏度</measures>
            </elementValue>
          </time>
          <time>
            <startTime>2021-02-09T00:00:00+08:00</startTime>
            <endTime>2021-02-10T00:00:00+08:00</endTime>
            <elementValue>
              <value>17</value>
              <measures>攝氏度</measures>
            </elementValue>
          </time>
        </weatherElement>
        <weatherElement>
          <elementName>MaxAT</elementName>
          <description>最高體感溫度</description>
          <time>
            <startTime>2021-02-03T00:00:00+08:00</startTime>
            <endTime>2021-02-04T00:00:00+08:00</endTime>
            <elementValue>
              <value>26</value>
              <measures>攝氏度</measures>
            </elementValue>
          </time>
          <time>
            <startTime>2021-02-04T00:00:00+08:00</startTime>
            <endTime>2021-02-05T00:00:00+08:00</endTime>
            <elementValue>
              <value>27</value>
              <measures>攝氏度</measures>
            </elementValue>
          </time>
          <time>
            <startTime>2021-02-05T00:00:00+08:00</startTime>
            <endTime>2021-02-06T00:00:00+08:00</endTime>
            <elementValue>
              <value>27</value>
              <measures>攝氏度</measures>
            </elementValue>
          </time>
          <time>
            <startTime>2021-02-06T00:00:00+08:00</startTime>
            <endTime>2021-02-07T00:00:00+08:00</endTime>
            <elementValue>
              <value>27</value>
              <measures>攝氏度</measures>
            </elementValue>
          </time>
          <time>
            <startTime>2021-02-07T00:00:00+08:00</startTime>
            <endTime>2021-02-08T00:00:00+08:00</endTime>
            <elementValue>
              <value>27</value>
              <measures>攝氏度</measures>
            </elementValue>
          </time>
          <time>
            <startTime>2021-02-08T00:00:00+08:00</startTime>
            <endTime>2021-02-09T00:00:00+08:00</endTime>
            <elementValue>
              <value>28</value>
              <measures>攝氏度</measures>
            </elementValue>
          </time>
          <time>
            <startTime>2021-02-09T00:00:00+08:00</startTime>
            <endTime>2021-02-10T00:00:00+08:00</endTime>
            <elementValue>
              <value>28</value>
              <measures>攝氏度</measures>
            </elementValue>
          </time>
        </weatherElement>
        <weatherElement>
          <elementName>MinAT</elementName>
          <description>最低體感溫度</description>
          <time>
            <startTime>2021-02-03T00:00:00+08:00</startTime>
            <endTime>2021-02-04T00:00:00+08:00</endTime>
            <elementValue>
              <value>13</value>
              <measures>攝氏度</measures>
            </elementValue>
          </time>
          <time>
            <startTime>2021-02-04T00:00:00+08:00</startTime>
            <endTime>2021-02-05T00:00:00+08:00</endTime>
            <elementValue>
              <value>13</value>
              <measures>攝氏度</measures>
            </elementValue>
          </time>
          <time>
            <startTime>2021-02-05T00:00:00+08:00</startTime>
            <endTime>2021-02-06T00:00:00+08:00</endTime>
            <elementValue>
              <value>14</value>
              <measures>攝氏度</measures>
            </elementValue>
          </time>
          <time>
            <startTime>2021-02-06T00:00:00+08:00</startTime>
            <endTime>2021-02-07T00:00:00+08:00</endTime>
            <elementValue>
              <value>14</value>
              <measures>攝氏度</measures>
            </elementValue>
          </time>
          <time>
            <startTime>2021-02-07T00:00:00+08:00</startTime>
            <endTime>2021-02-08T00:00:00+08:00</endTime>
            <elementValue>
              <value>15</value>
              <measures>攝氏度</measures>
            </elementValue>
          </time>
          <time>
            <startTime>2021-02-08T00:00:00+08:00</startTime>
            <endTime>2021-02-09T00:00:00+08:00</endTime>
            <elementValue>
              <value>15</value>
              <measures>攝氏度</measures>
            </elementValue>
          </time>
          <time>
            <startTime>2021-02-09T00:00:00+08:00</startTime>
            <endTime>2021-02-10T00:00:00+08:00</endTime>
            <elementValue>
              <value>17</value>
              <measures>攝氏度</measures>
            </elementValue>
          </time>
        </weatherElement>
        <weatherElement>
          <elementName>MaxCI</elementName>
          <description>最大舒適度指數</description>
          <time>
            <startTime>2021-02-03T00:00:00+08:00</startTime>
            <endTime>2021-02-04T00:00:00+08:00</endTime>
            <elementValue>
              <value>23</value>
              <measures>NA</measures>
            </elementValue>
          </time>
          <time>
            <startTime>2021-02-04T00:00:00+08:00</startTime>
            <endTime>2021-02-05T00:00:00+08:00</endTime>
            <elementValue>
              <value>23</value>
              <measures>NA</measures>
            </elementValue>
          </time>
          <time>
            <startTime>2021-02-05T00:00:00+08:00</startTime>
            <endTime>2021-02-06T00:00:00+08:00</endTime>
            <elementValue>
              <value>23</value>
              <measures>NA</measures>
            </elementValue>
          </time>
          <time>
            <startTime>2021-02-06T00:00:00+08:00</startTime>
            <endTime>2021-02-07T00:00:00+08:00</endTime>
            <elementValue>
              <value>23</value>
              <measures>NA</measures>
            </elementValue>
          </time>
          <time>
            <startTime>2021-02-07T00:00:00+08:00</startTime>
            <endTime>2021-02-08T00:00:00+08:00</endTime>
            <elementValue>
              <value>23</value>
              <measures>NA</measures>
            </elementValue>
          </time>
          <time>
            <startTime>2021-02-08T00:00:00+08:00</startTime>
            <endTime>2021-02-09T00:00:00+08:00</endTime>
            <elementValue>
              <value>24</value>
              <measures>NA</measures>
            </elementValue>
          </time>
          <time>
            <startTime>2021-02-09T00:00:00+08:00</startTime>
            <endTime>2021-02-10T00:00:00+08:00</endTime>
            <elementValue>
              <value>24</value>
              <measures>NA</measures>
            </elementValue>
          </time>
        </weatherElement>
        <weatherElement>
          <elementName>MinCI</elementName>
          <description>最小舒適度指數</description>
          <time>
            <startTime>2021-02-03T00:00:00+08:00</startTime>
            <endTime>2021-02-04T00:00:00+08:00</endTime>
            <elementValue>
              <value>14</value>
              <measures>NA</measures>
            </elementValue>
          </time>
          <time>
            <startTime>2021-02-04T00:00:00+08:00</startTime>
            <endTime>2021-02-05T00:00:00+08:00</endTime>
            <elementValue>
              <value>14</value>
              <measures>NA</measures>
            </elementValue>
          </time>
          <time>
            <startTime>2021-02-05T00:00:00+08:00</startTime>
            <endTime>2021-02-06T00:00:00+08:00</endTime>
            <elementValue>
              <value>15</value>
              <measures>NA</measures>
            </elementValue>
          </time>
          <time>
            <startTime>2021-02-06T00:00:00+08:00</startTime>
            <endTime>2021-02-07T00:00:00+08:00</endTime>
            <elementValue>
              <value>15</value>
              <measures>NA</measures>
            </elementValue>
          </time>
          <time>
            <startTime>2021-02-07T00:00:00+08:00</startTime>
            <endTime>2021-02-08T00:00:00+08:00</endTime>
            <elementValue>
              <value>16</value>
              <measures>NA</measures>
            </elementValue>
          </time>
          <time>
            <startTime>2021-02-08T00:00:00+08:00</startTime>
            <endTime>2021-02-09T00:00:00+08:00</endTime>
            <elementValue>
              <value>16</value>
              <measures>NA</measures>
            </elementValue>
          </time>
          <time>
            <startTime>2021-02-09T00:00:00+08:00</startTime>
            <endTime>2021-02-10T00:00:00+08:00</endTime>
            <elementValue>
              <value>17</value>
              <measures>NA</measures>
            </elementValue>
          </time>
        </weatherElement>
        <weatherElement>
          <elementName>PoP24h</elementName>
          <description>24小時降雨機率</description>
          <time>
            <startTime>2021-02-03T00:00:00+08:00</startTime>
            <endTime>2021-02-04T00:00:00+08:00</endTime>
            <elementValue>
              <value>0</value>
              <measures>百分比</measures>
            </elementValue>
          </time>
          <time>
            <startTime>2021-02-04T00:00:00+08:00</startTime>
            <endTime>2021-02-05T00:00:00+08:00</endTime>
            <elementValue>
              <value>0</value>
              <measures>百分比</measures>
            </elementValue>
          </time>
          <time>
            <startTime>2021-02-05T00:00:00+08:00</startTime>
            <endTime>2021-02-06T00:00:00+08:00</endTime>
            <elementValue>
              <value>0</value>
              <measures>百分比</measures>
            </elementValue>
          </time>
          <time>
            <startTime>2021-02-06T00:00:00+08:00</startTime>
            <endTime>2021-02-07T00:00:00+08:00</endTime>
            <elementValue>
              <value> </value>
              <measures>百分比</measures>
            </elementValue>
          </time>
          <time>
            <startTime>2021-02-07T00:00:00+08:00</startTime>
            <endTime>2021-02-08T00:00:00+08:00</endTime>
            <elementValue>
              <value> </value>
              <measures>百分比</measures>
            </elementValue>
          </time>
          <time>
            <startTime>2021-02-08T00:00:00+08:00</startTime>
            <endTime>2021-02-09T00:00:00+08:00</endTime>
            <elementValue>
              <value> </value>
              <measures>百分比</measures>
            </elementValue>
          </time>
          <time>
            <startTime>2021-02-09T00:00:00+08:00</startTime>
            <endTime>2021-02-10T00:00:00+08:00</endTime>
            <elementValue>
              <value> </value>
              <measures>百分比</measures>
            </elementValue>
          </time>
        </weatherElement>
        <weatherElement>
          <elementName>WD</elementName>
          <description>風向</description>
          <time>
            <startTime>2021-02-03T00:00:00+08:00</startTime>
            <endTime>2021-02-04T00:00:00+08:00</endTime>
            <elementValue>
              <value>西北風</value>
              <measures>8方位</measures>
            </elementValue>
          </time>
          <time>
            <startTime>2021-02-04T00:00:00+08:00</startTime>
            <endTime>2021-02-05T00:00:00+08:00</endTime>
            <elementValue>
              <value>西北風</value>
              <measures>8方位</measures>
            </elementValue>
          </time>
          <time>
            <startTime>2021-02-05T00:00:00+08:00</startTime>
            <endTime>2021-02-06T00:00:00+08:00</endTime>
            <elementValue>
              <value>西南風</value>
              <measures>8方位</measures>
            </elementValue>
          </time>
          <time>
            <startTime>2021-02-06T00:00:00+08:00</startTime>
            <endTime>2021-02-07T00:00:00+08:00</endTime>
            <elementValue>
              <value>西北風</value>
              <measures>8方位</measures>
            </elementValue>
          </time>
          <time>
            <startTime>2021-02-07T00:00:00+08:00</startTime>
            <endTime>2021-02-08T00:00:00+08:00</endTime>
            <elementValue>
              <value>偏北風</value>
              <measures>8方位</measures>
            </elementValue>
          </time>
          <time>
            <startTime>2021-02-08T00:00:00+08:00</startTime>
            <endTime>2021-02-09T00:00:00+08:00</endTime>
            <elementValue>
              <value>偏北風</value>
              <measures>8方位</measures>
            </elementValue>
          </time>
          <time>
            <startTime>2021-02-09T00:00:00+08:00</startTime>
            <endTime>2021-02-10T00:00:00+08:00</endTime>
            <elementValue>
              <value>偏北風</value>
              <measures>8方位</measures>
            </elementValue>
          </time>
        </weatherElement>
        <weatherElement>
          <elementName>WS</elementName>
          <description>最大風速</description>
          <time>
            <startTime>2021-02-03T00:00:00+08:00</startTime>
            <endTime>2021-02-04T00:00:00+08:00</endTime>
            <elementValue>
              <value>3</value>
              <measures>公尺/秒</measures>
            </elementValue>
            <elementValue>
              <value>2</value>
              <measures>蒲福風級</measures>
            </elementValue>
          </time>
          <time>
            <startTime>2021-02-04T00:00:00+08:00</startTime>
            <endTime>2021-02-05T00:00:00+08:00</endTime>
            <elementValue>
              <value>4</value>
              <measures>公尺/秒</measures>
            </elementValue>
            <elementValue>
              <value>3</value>
              <measures>蒲福風級</measures>
            </elementValue>
          </time>
          <time>
            <startTime>2021-02-05T00:00:00+08:00</startTime>
            <endTime>2021-02-06T00:00:00+08:00</endTime>
            <elementValue>
              <value>4</value>
              <measures>公尺/秒</measures>
            </elementValue>
            <elementValue>
              <value>3</value>
              <measures>蒲福風級</measures>
            </elementValue>
          </time>
          <time>
            <startTime>2021-02-06T00:00:00+08:00</startTime>
            <endTime>2021-02-07T00:00:00+08:00</endTime>
            <elementValue>
              <value>3</value>
              <measures>公尺/秒</measures>
            </elementValue>
            <elementValue>
              <value>2</value>
              <measures>蒲福風級</measures>
            </elementValue>
          </time>
          <time>
            <startTime>2021-02-07T00:00:00+08:00</startTime>
            <endTime>2021-02-08T00:00:00+08:00</endTime>
            <elementValue>
              <value>3</value>
              <measures>公尺/秒</measures>
            </elementValue>
            <elementValue>
              <value>2</value>
              <measures>蒲福風級</measures>
            </elementValue>
          </time>
          <time>
            <startTime>2021-02-08T00:00:00+08:00</startTime>
            <endTime>2021-02-09T00:00:00+08:00</endTime>
            <elementValue>
              <value>3</value>
              <measures>公尺/秒</measures>
            </elementValue>
            <elementValue>
              <value>2</value>
              <measures>蒲福風級</measures>
            </elementValue>
          </time>
          <time>
            <startTime>2021-02-09T00:00:00+08:00</startTime>
            <endTime>2021-02-10T00:00:00+08:00</endTime>
            <elementValue>
              <value>3</value>
              <measures>公尺/秒</measures>
            </elementValue>
            <elementValue>
              <value>2</value>
              <measures>蒲福風級</measures>
            </elementValue>
          </time>
        </weatherElement>
        <weatherElement>
          <elementName>Wx</elementName>
          <description>天氣現象</description>
          <time>
            <startTime>2021-02-03T00:00:00+08:00</startTime>
            <endTime>2021-02-04T00:00:00+08:00</endTime>
            <elementValue>
              <value>晴時多雲</value>
              <measures>自定義 Wx 文字</measures>
            </elementValue>
            <elementValue>
              <value>02</value>
              <measures>自定義 Wx 單位</measures>
            </elementValue>
          </time>
          <time>
            <startTime>2021-02-04T00:00:00+08:00</startTime>
            <endTime>2021-02-05T00:00:00+08:00</endTime>
            <elementValue>
              <value>晴時多雲</value>
              <measures>自定義 Wx 文字</measures>
            </elementValue>
            <elementValue>
              <value>02</value>
              <measures>自定義 Wx 單位</measures>
            </elementValue>
          </time>
          <time>
            <startTime>2021-02-05T00:00:00+08:00</startTime>
            <endTime>2021-02-06T00:00:00+08:00</endTime>
            <elementValue>
              <value>晴時多雲</value>
              <measures>自定義 Wx 文字</measures>
            </elementValue>
            <elementValue>
              <value>02</value>
              <measures>自定義 Wx 單位</measures>
            </elementValue>
          </time>
          <time>
            <startTime>2021-02-06T00:00:00+08:00</startTime>
            <endTime>2021-02-07T00:00:00+08:00</endTime>
            <elementValue>
              <value>晴時多雲</value>
              <measures>自定義 Wx 文字</measures>
            </elementValue>
            <elementValue>
              <value>02</value>
              <measures>自定義 Wx 單位</measures>
            </elementValue>
          </time>
          <time>
            <startTime>2021-02-07T00:00:00+08:00</startTime>
            <endTime>2021-02-08T00:00:00+08:00</endTime>
            <elementValue>
              <value>晴時多雲</value>
              <measures>自定義 Wx 文字</measures>
            </elementValue>
            <elementValue>
              <value>02</value>
              <measures>自定義 Wx 單位</measures>
            </elementValue>
          </time>
          <time>
            <startTime>2021-02-08T00:00:00+08:00</startTime>
            <endTime>2021-02-09T00:00:00+08:00</endTime>
            <elementValue>
              <value>晴時多雲</value>
              <measures>自定義 Wx 文字</measures>
            </elementValue>
            <elementValue>
              <value>02</value>
              <measures>自定義 Wx 單位</measures>
            </elementValue>
          </time>
          <time>
            <startTime>2021-02-09T00:00:00+08:00</startTime>
            <endTime>2021-02-10T00:00:00+08:00</endTime>
            <elementValue>
              <value>晴時多雲</value>
              <measures>自定義 Wx 文字</measures>
            </elementValue>
            <elementValue>
              <value>02</value>
              <measures>自定義 Wx 單位</measures>
            </elementValue>
          </time>
        </weatherElement>
        <weatherElement>
          <elementName>UVI</elementName>
          <description>紫外線指數</description>
          <time>
            <startTime>2021-02-03T06:00:00+08:00</startTime>
            <endTime>2021-02-03T18:00:00+08:00</endTime>
            <elementValue>
              <value>6</value>
              <measures>紫外線指數</measures>
            </elementValue>
            <elementValue>
              <value>高量級</value>
              <measures>曝曬級數</measures>
            </elementValue>
          </time>
          <time>
            <startTime>2021-02-04T06:00:00+08:00</startTime>
            <endTime>2021-02-04T18:00:00+08:00</endTime>
            <elementValue>
              <value>6</value>
              <measures>紫外線指數</measures>
            </elementValue>
            <elementValue>
              <value>高量級</value>
              <measures>曝曬級數</measures>
            </elementValue>
          </time>
          <time>
            <startTime>2021-02-05T06:00:00+08:00</startTime>
            <endTime>2021-02-05T18:00:00+08:00</endTime>
            <elementValue>
              <value>6</value>
              <measures>紫外線指數</measures>
            </elementValue>
            <elementValue>
              <value>高量級</value>
              <measures>曝曬級數</measures>
            </elementValue>
          </time>
          <time>
            <startTime>2021-02-06T06:00:00+08:00</startTime>
            <endTime>2021-02-06T18:00:00+08:00</endTime>
            <elementValue>
              <value>6</value>
              <measures>紫外線指數</measures>
            </elementValue>
            <elementValue>
              <value>高量級</value>
              <measures>曝曬級數</measures>
            </elementValue>
          </time>
          <time>
            <startTime>2021-02-07T06:00:00+08:00</startTime>
            <endTime>2021-02-07T18:00:00+08:00</endTime>
            <elementValue>
              <value>6</value>
              <measures>紫外線指數</measures>
            </elementValue>
            <elementValue>
              <value>高量級</value>
              <measures>曝曬級數</measures>
            </elementValue>
          </time>
          <time>
            <startTime>2021-02-08T06:00:00+08:00</startTime>
            <endTime>2021-02-08T18:00:00+08:00</endTime>
            <elementValue>
              <value>6</value>
              <measures>紫外線指數</measures>
            </elementValue>
            <elementValue>
              <value>高量級</value>
              <measures>曝曬級數</measures>
            </elementValue>
          </time>
          <time>
            <startTime>2021-02-09T06:00:00+08:00</startTime>
            <endTime>2021-02-09T18:00:00+08:00</endTime>
            <elementValue>
              <value>6</value>
              <measures>紫外線指數</measures>
            </elementValue>
            <elementValue>
              <value>高量級</value>
              <measures>曝曬級數</measures>
            </elementValue>
          </time>
        </weatherElement>
        <weatherElement>
          <elementName>WeatherDescription</elementName>
          <description>天氣預報綜合描述</description>
          <time>
            <startTime>2021-02-03T00:00:00+08:00</startTime>
            <endTime>2021-02-04T00:00:00+08:00</endTime>
            <elementValue>
              <value>晴時多雲。降雨機率 0%。溫度攝氏14至26度。寒冷至舒適。西北風 風速2級(每秒3公尺)。相對濕度78%。</value>
              <measures>NA</measures>
            </elementValue>
          </time>
          <time>
            <startTime>2021-02-04T00:00:00+08:00</startTime>
            <endTime>2021-02-05T00:00:00+08:00</endTime>
            <elementValue>
              <value>晴時多雲。降雨機率 0%。溫度攝氏14至27度。寒冷至舒適。西北風 風速3級(每秒4公尺)。相對濕度77%。</value>
              <measures>NA</measures>
            </elementValue>
          </time>
          <time>
            <startTime>2021-02-05T00:00:00+08:00</startTime>
            <endTime>2021-02-06T00:00:00+08:00</endTime>
            <elementValue>
              <value>晴時多雲。降雨機率 0%。溫度攝氏15至26度。寒冷至舒適。西南風 風速3級(每秒4公尺)。相對濕度80%。</value>
              <measures>NA</measures>
            </elementValue>
          </time>
          <time>
            <startTime>2021-02-06T00:00:00+08:00</startTime>
            <endTime>2021-02-07T00:00:00+08:00</endTime>
            <elementValue>
              <value>晴時多雲。溫度攝氏15至26度。寒冷至舒適。西北風 風速2級(每秒3公尺)。相對濕度79%。</value>
              <measures>NA</measures>
            </elementValue>
          </time>
          <time>
            <startTime>2021-02-07T00:00:00+08:00</startTime>
            <endTime>2021-02-08T00:00:00+08:00</endTime>
            <elementValue>
              <value>晴時多雲。溫度攝氏16至27度。稍有寒意至舒適。偏北風 風速2級(每秒3公尺)。相對濕度79%。</value>
              <measures>NA</measures>
            </elementValue>
          </time>
          <time>
            <startTime>2021-02-08T00:00:00+08:00</startTime>
            <endTime>2021-02-09T00:00:00+08:00</endTime>
            <elementValue>
              <value>晴時多雲。溫度攝氏16至28度。稍有寒意至舒適。偏北風 風速2級(每秒3公尺)。相對濕度77%。</value>
              <measures>NA</measures>
            </elementValue>
          </time>
          <time>
            <startTime>2021-02-09T00:00:00+08:00</startTime>
            <endTime>2021-02-10T00:00:00+08:00</endTime>
            <elementValue>
              <value>晴時多雲。溫度攝氏17至28度。稍有寒意至舒適。偏北風 風速2級(每秒3公尺)。相對濕度77%。</value>
              <measures>NA</measures>
            </elementValue>
          </time>
        </weatherElement>
      </location>
    </locations>
  </dataset>
</cwbopendata>
