<?xml version="1.0" encoding="utf-8"?>
<cwbopendata xmlns="urn:cwb:gov:tw:cwbcommon:0.1">
  <identifier>b02e0b02-897d-44e3-9d76-3da10e248ab8</identifier>
  <sender>weather@cwb.gov.tw</sender>
  <sent>2021-02-08T22:43:53+08:00</sent>
  <status>Actual</status>
  <scope>Public</scope>
  <msgType>Issue</msgType>
  <dataid>null</dataid>
  <source>MFC</source>
  <dataset>
    <datasetInfo>
      <datasetDescription>Seven Days Weather Forecast of 368 townships</datasetDescription>
      <datasetLanguage>EN</datasetLanguage>
      <issueTime>2021-02-08T23:00:00+08:00</issueTime>
      <validTime>
        <startTime>2021-02-09T00:00:00+08:00</startTime>
        <endTime>2021-02-16T23:00:00+08:00</endTime>
      </validTime>
      <update>2021-02-08T22:43:53+08:00</update>
    </datasetInfo>
    <locations>
      <locationsName>Chiayi City</locationsName>
      <location>
        <locationName>East District</locationName>
        <geocode>1002001</geocode>
        <lat>23.480384</lat>
        <lon>120.445361</lon>
        <weatherElement>
          <elementName>T</elementName>
          <description>average of temperature</description>
          <time>
            <startTime>2021-02-09T00:00:00+08:00</startTime>
            <endTime>2021-02-10T00:00:00+08:00</endTime>
            <elementValue>
              <value>19</value>
              <measures>C</measures>
            </elementValue>
          </time>
          <time>
            <startTime>2021-02-10T00:00:00+08:00</startTime>
            <endTime>2021-02-11T00:00:00+08:00</endTime>
            <elementValue>
              <value>20</value>
              <measures>C</measures>
            </elementValue>
          </time>
          <time>
            <startTime>2021-02-11T00:00:00+08:00</startTime>
            <endTime>2021-02-12T00:00:00+08:00</endTime>
            <elementValue>
              <value>19</value>
              <measures>C</measures>
            </elementValue>
          </time>
          <time>
            <startTime>2021-02-12T00:00:00+08:00</startTime>
            <endTime>2021-02-13T00:00:00+08:00</endTime>
            <elementValue>
              <value>18</value>
              <measures>C</measures>
            </elementValue>
          </time>
          <time>
            <startTime>2021-02-13T00:00:00+08:00</startTime>
            <endTime>2021-02-14T00:00:00+08:00</endTime>
            <elementValue>
              <value>18</value>
              <measures>C</measures>
            </elementValue>
          </time>
          <time>
            <startTime>2021-02-14T00:00:00+08:00</startTime>
            <endTime>2021-02-15T00:00:00+08:00</endTime>
            <elementValue>
              <value>19</value>
              <measures>C</measures>
            </elementValue>
          </time>
          <time>
            <startTime>2021-02-15T00:00:00+08:00</startTime>
            <endTime>2021-02-16T00:00:00+08:00</endTime>
            <elementValue>
              <value>19</value>
              <measures>C</measures>
            </elementValue>
          </time>
        </weatherElement>
        <weatherElement>
          <elementName>Td</elementName>
          <description>average of dew point temperature</description>
          <time>
            <startTime>2021-02-09T00:00:00+08:00</startTime>
            <endTime>2021-02-10T00:00:00+08:00</endTime>
            <elementValue>
              <value>15</value>
              <measures>C</measures>
            </elementValue>
          </time>
          <time>
            <startTime>2021-02-10T00:00:00+08:00</startTime>
            <endTime>2021-02-11T00:00:00+08:00</endTime>
            <elementValue>
              <value>16</value>
              <measures>C</measures>
            </elementValue>
          </time>
          <time>
            <startTime>2021-02-11T00:00:00+08:00</startTime>
            <endTime>2021-02-12T00:00:00+08:00</endTime>
            <elementValue>
              <value>17</value>
              <measures>C</measures>
            </elementValue>
          </time>
          <time>
            <startTime>2021-02-12T00:00:00+08:00</startTime>
            <endTime>2021-02-13T00:00:00+08:00</endTime>
            <elementValue>
              <value>16</value>
              <measures>C</measures>
            </elementValue>
          </time>
          <time>
            <startTime>2021-02-13T00:00:00+08:00</startTime>
            <endTime>2021-02-14T00:00:00+08:00</endTime>
            <elementValue>
              <value>16</value>
              <measures>C</measures>
            </elementValue>
          </time>
          <time>
            <startTime>2021-02-14T00:00:00+08:00</startTime>
            <endTime>2021-02-15T00:00:00+08:00</endTime>
            <elementValue>
              <value>15</value>
              <measures>C</measures>
            </elementValue>
          </time>
          <time>
            <startTime>2021-02-15T00:00:00+08:00</startTime>
            <endTime>2021-02-16T00:00:00+08:00</endTime>
            <elementValue>
              <value>15</value>
              <measures>C</measures>
            </elementValue>
          </time>
        </weatherElement>
        <weatherElement>
          <elementName>RH</elementName>
          <description>average of relative humidity</description>
          <time>
            <startTime>2021-02-09T00:00:00+08:00</startTime>
            <endTime>2021-02-10T00:00:00+08:00</endTime>
            <elementValue>
              <value>79</value>
              <measures>%</measures>
            </elementValue>
          </time>
          <time>
            <startTime>2021-02-10T00:00:00+08:00</startTime>
            <endTime>2021-02-11T00:00:00+08:00</endTime>
            <elementValue>
              <value>80</value>
              <measures>%</measures>
            </elementValue>
          </time>
          <time>
            <startTime>2021-02-11T00:00:00+08:00</startTime>
            <endTime>2021-02-12T00:00:00+08:00</endTime>
            <elementValue>
              <value>89</value>
              <measures>%</measures>
            </elementValue>
          </time>
          <time>
            <startTime>2021-02-12T00:00:00+08:00</startTime>
            <endTime>2021-02-13T00:00:00+08:00</endTime>
            <elementValue>
              <value>86</value>
              <measures>%</measures>
            </elementValue>
          </time>
          <time>
            <startTime>2021-02-13T00:00:00+08:00</startTime>
            <endTime>2021-02-14T00:00:00+08:00</endTime>
            <elementValue>
              <value>85</value>
              <measures>%</measures>
            </elementValue>
          </time>
          <time>
            <startTime>2021-02-14T00:00:00+08:00</startTime>
            <endTime>2021-02-15T00:00:00+08:00</endTime>
            <elementValue>
              <value>83</value>
              <measures>%</measures>
            </elementValue>
          </time>
          <time>
            <startTime>2021-02-15T00:00:00+08:00</startTime>
            <endTime>2021-02-16T00:00:00+08:00</endTime>
            <elementValue>
              <value>80</value>
              <measures>%</measures>
            </elementValue>
          </time>
        </weatherElement>
        <weatherElement>
          <elementName>MaxT</elementName>
          <description>maximum temperature</description>
          <time>
            <startTime>2021-02-09T00:00:00+08:00</startTime>
            <endTime>2021-02-10T00:00:00+08:00</endTime>
            <elementValue>
              <value>26</value>
              <measures>C</measures>
            </elementValue>
          </time>
          <time>
            <startTime>2021-02-10T00:00:00+08:00</startTime>
            <endTime>2021-02-11T00:00:00+08:00</endTime>
            <elementValue>
              <value>26</value>
              <measures>C</measures>
            </elementValue>
          </time>
          <time>
            <startTime>2021-02-11T00:00:00+08:00</startTime>
            <endTime>2021-02-12T00:00:00+08:00</endTime>
            <elementValue>
              <value>24</value>
              <measures>C</measures>
            </elementValue>
          </time>
          <time>
            <startTime>2021-02-12T00:00:00+08:00</startTime>
            <endTime>2021-02-13T00:00:00+08:00</endTime>
            <elementValue>
              <value>24</value>
              <measures>C</measures>
            </elementValue>
          </time>
          <time>
            <startTime>2021-02-13T00:00:00+08:00</startTime>
            <endTime>2021-02-14T00:00:00+08:00</endTime>
            <elementValue>
              <value>25</value>
              <measures>C</measures>
            </elementValue>
          </time>
          <time>
            <startTime>2021-02-14T00:00:00+08:00</startTime>
            <endTime>2021-02-15T00:00:00+08:00</endTime>
            <elementValue>
              <value>26</value>
              <measures>C</measures>
            </elementValue>
          </time>
          <time>
            <startTime>2021-02-15T00:00:00+08:00</startTime>
            <endTime>2021-02-16T00:00:00+08:00</endTime>
            <elementValue>
              <value>26</value>
              <measures>C</measures>
            </elementValue>
          </time>
        </weatherElement>
        <weatherElement>
          <elementName>MinT</elementName>
          <description>minimum temperature</description>
          <time>
            <startTime>2021-02-09T00:00:00+08:00</startTime>
            <endTime>2021-02-10T00:00:00+08:00</endTime>
            <elementValue>
              <value>15</value>
              <measures>C</measures>
            </elementValue>
          </time>
          <time>
            <startTime>2021-02-10T00:00:00+08:00</startTime>
            <endTime>2021-02-11T00:00:00+08:00</endTime>
            <elementValue>
              <value>15</value>
              <measures>C</measures>
            </elementValue>
          </time>
          <time>
            <startTime>2021-02-11T00:00:00+08:00</startTime>
            <endTime>2021-02-12T00:00:00+08:00</endTime>
            <elementValue>
              <value>16</value>
              <measures>C</measures>
            </elementValue>
          </time>
          <time>
            <startTime>2021-02-12T00:00:00+08:00</startTime>
            <endTime>2021-02-13T00:00:00+08:00</endTime>
            <elementValue>
              <value>14</value>
              <measures>C</measures>
            </elementValue>
          </time>
          <time>
            <startTime>2021-02-13T00:00:00+08:00</startTime>
            <endTime>2021-02-14T00:00:00+08:00</endTime>
            <elementValue>
              <value>14</value>
              <measures>C</measures>
            </elementValue>
          </time>
          <time>
            <startTime>2021-02-14T00:00:00+08:00</startTime>
            <endTime>2021-02-15T00:00:00+08:00</endTime>
            <elementValue>
              <value>14</value>
              <measures>C</measures>
            </elementValue>
          </time>
          <time>
            <startTime>2021-02-15T00:00:00+08:00</startTime>
            <endTime>2021-02-16T00:00:00+08:00</endTime>
            <elementValue>
              <value>14</value>
              <measures>C</measures>
            </elementValue>
          </time>
        </weatherElement>
        <weatherElement>
          <elementName>MaxAT</elementName>
          <description>maximum athletic temperature</description>
          <time>
            <startTime>2021-02-09T00:00:00+08:00</startTime>
            <endTime>2021-02-10T00:00:00+08:00</endTime>
            <elementValue>
              <value>26</value>
              <measures>C</measures>
            </elementValue>
          </time>
          <time>
            <startTime>2021-02-10T00:00:00+08:00</startTime>
            <endTime>2021-02-11T00:00:00+08:00</endTime>
            <elementValue>
              <value>28</value>
              <measures>C</measures>
            </elementValue>
          </time>
          <time>
            <startTime>2021-02-11T00:00:00+08:00</startTime>
            <endTime>2021-02-12T00:00:00+08:00</endTime>
            <elementValue>
              <value>26</value>
              <measures>C</measures>
            </elementValue>
          </time>
          <time>
            <startTime>2021-02-12T00:00:00+08:00</startTime>
            <endTime>2021-02-13T00:00:00+08:00</endTime>
            <elementValue>
              <value>26</value>
              <measures>C</measures>
            </elementValue>
          </time>
          <time>
            <startTime>2021-02-13T00:00:00+08:00</startTime>
            <endTime>2021-02-14T00:00:00+08:00</endTime>
            <elementValue>
              <value>27</value>
              <measures>C</measures>
            </elementValue>
          </time>
          <time>
            <startTime>2021-02-14T00:00:00+08:00</startTime>
            <endTime>2021-02-15T00:00:00+08:00</endTime>
            <elementValue>
              <value>26</value>
              <measures>C</measures>
            </elementValue>
          </time>
          <time>
            <startTime>2021-02-15T00:00:00+08:00</startTime>
            <endTime>2021-02-16T00:00:00+08:00</endTime>
            <elementValue>
              <value>26</value>
              <measures>C</measures>
            </elementValue>
          </time>
        </weatherElement>
        <weatherElement>
          <elementName>MinAT</elementName>
          <description>minimum athletic temperature</description>
          <time>
            <startTime>2021-02-09T00:00:00+08:00</startTime>
            <endTime>2021-02-10T00:00:00+08:00</endTime>
            <elementValue>
              <value>14</value>
              <measures>C</measures>
            </elementValue>
          </time>
          <time>
            <startTime>2021-02-10T00:00:00+08:00</startTime>
            <endTime>2021-02-11T00:00:00+08:00</endTime>
            <elementValue>
              <value>15</value>
              <measures>C</measures>
            </elementValue>
          </time>
          <time>
            <startTime>2021-02-11T00:00:00+08:00</startTime>
            <endTime>2021-02-12T00:00:00+08:00</endTime>
            <elementValue>
              <value>14</value>
              <measures>C</measures>
            </elementValue>
          </time>
          <time>
            <startTime>2021-02-12T00:00:00+08:00</startTime>
            <endTime>2021-02-13T00:00:00+08:00</endTime>
            <elementValue>
              <value>14</value>
              <measures>C</measures>
            </elementValue>
          </time>
          <time>
            <startTime>2021-02-13T00:00:00+08:00</startTime>
            <endTime>2021-02-14T00:00:00+08:00</endTime>
            <elementValue>
              <value>14</value>
              <measures>C</measures>
            </elementValue>
          </time>
          <time>
            <startTime>2021-02-14T00:00:00+08:00</startTime>
            <endTime>2021-02-15T00:00:00+08:00</endTime>
            <elementValue>
              <value>14</value>
              <measures>C</measures>
            </elementValue>
          </time>
          <time>
            <startTime>2021-02-15T00:00:00+08:00</startTime>
            <endTime>2021-02-16T00:00:00+08:00</endTime>
            <elementValue>
              <value>14</value>
              <measures>C</measures>
            </elementValue>
          </time>
        </weatherElement>
        <weatherElement>
          <elementName>MaxCI</elementName>
          <description>maximum comfort index</description>
          <time>
            <startTime>2021-02-09T00:00:00+08:00</startTime>
            <endTime>2021-02-10T00:00:00+08:00</endTime>
            <elementValue>
              <value>23</value>
              <measures>NA</measures>
            </elementValue>
          </time>
          <time>
            <startTime>2021-02-10T00:00:00+08:00</startTime>
            <endTime>2021-02-11T00:00:00+08:00</endTime>
            <elementValue>
              <value>23</value>
              <measures>NA</measures>
            </elementValue>
          </time>
          <time>
            <startTime>2021-02-11T00:00:00+08:00</startTime>
            <endTime>2021-02-12T00:00:00+08:00</endTime>
            <elementValue>
              <value>23</value>
              <measures>NA</measures>
            </elementValue>
          </time>
          <time>
            <startTime>2021-02-12T00:00:00+08:00</startTime>
            <endTime>2021-02-13T00:00:00+08:00</endTime>
            <elementValue>
              <value>22</value>
              <measures>NA</measures>
            </elementValue>
          </time>
          <time>
            <startTime>2021-02-13T00:00:00+08:00</startTime>
            <endTime>2021-02-14T00:00:00+08:00</endTime>
            <elementValue>
              <value>23</value>
              <measures>NA</measures>
            </elementValue>
          </time>
          <time>
            <startTime>2021-02-14T00:00:00+08:00</startTime>
            <endTime>2021-02-15T00:00:00+08:00</endTime>
            <elementValue>
              <value>23</value>
              <measures>NA</measures>
            </elementValue>
          </time>
          <time>
            <startTime>2021-02-15T00:00:00+08:00</startTime>
            <endTime>2021-02-16T00:00:00+08:00</endTime>
            <elementValue>
              <value>23</value>
              <measures>NA</measures>
            </elementValue>
          </time>
        </weatherElement>
        <weatherElement>
          <elementName>MinCI</elementName>
          <description>minimum comfort index</description>
          <time>
            <startTime>2021-02-09T00:00:00+08:00</startTime>
            <endTime>2021-02-10T00:00:00+08:00</endTime>
            <elementValue>
              <value>15</value>
              <measures>NA</measures>
            </elementValue>
          </time>
          <time>
            <startTime>2021-02-10T00:00:00+08:00</startTime>
            <endTime>2021-02-11T00:00:00+08:00</endTime>
            <elementValue>
              <value>15</value>
              <measures>NA</measures>
            </elementValue>
          </time>
          <time>
            <startTime>2021-02-11T00:00:00+08:00</startTime>
            <endTime>2021-02-12T00:00:00+08:00</endTime>
            <elementValue>
              <value>15</value>
              <measures>NA</measures>
            </elementValue>
          </time>
          <time>
            <startTime>2021-02-12T00:00:00+08:00</startTime>
            <endTime>2021-02-13T00:00:00+08:00</endTime>
            <elementValue>
              <value>14</value>
              <measures>NA</measures>
            </elementValue>
          </time>
          <time>
            <startTime>2021-02-13T00:00:00+08:00</startTime>
            <endTime>2021-02-14T00:00:00+08:00</endTime>
            <elementValue>
              <value>14</value>
              <measures>NA</measures>
            </elementValue>
          </time>
          <time>
            <startTime>2021-02-14T00:00:00+08:00</startTime>
            <endTime>2021-02-15T00:00:00+08:00</endTime>
            <elementValue>
              <value>14</value>
              <measures>NA</measures>
            </elementValue>
          </time>
          <time>
            <startTime>2021-02-15T00:00:00+08:00</startTime>
            <endTime>2021-02-16T00:00:00+08:00</endTime>
            <elementValue>
              <value>14</value>
              <measures>NA</measures>
            </elementValue>
          </time>
        </weatherElement>
        <weatherElement>
          <elementName>PoP24h</elementName>
          <description>24 hours probability of precipitation</description>
          <time>
            <startTime>2021-02-09T00:00:00+08:00</startTime>
            <endTime>2021-02-10T00:00:00+08:00</endTime>
            <elementValue>
              <value>0</value>
              <measures>%</measures>
            </elementValue>
          </time>
          <time>
            <startTime>2021-02-10T00:00:00+08:00</startTime>
            <endTime>2021-02-11T00:00:00+08:00</endTime>
            <elementValue>
              <value>60</value>
              <measures>%</measures>
            </elementValue>
          </time>
          <time>
            <startTime>2021-02-11T00:00:00+08:00</startTime>
            <endTime>2021-02-12T00:00:00+08:00</endTime>
            <elementValue>
              <value>70</value>
              <measures>%</measures>
            </elementValue>
          </time>
          <time>
            <startTime>2021-02-12T00:00:00+08:00</startTime>
            <endTime>2021-02-13T00:00:00+08:00</endTime>
            <elementValue>
              <value> </value>
              <measures>%</measures>
            </elementValue>
          </time>
          <time>
            <startTime>2021-02-13T00:00:00+08:00</startTime>
            <endTime>2021-02-14T00:00:00+08:00</endTime>
            <elementValue>
              <value> </value>
              <measures>%</measures>
            </elementValue>
          </time>
          <time>
            <startTime>2021-02-14T00:00:00+08:00</startTime>
            <endTime>2021-02-15T00:00:00+08:00</endTime>
            <elementValue>
              <value> </value>
              <measures>%</measures>
            </elementValue>
          </time>
          <time>
            <startTime>2021-02-15T00:00:00+08:00</startTime>
            <endTime>2021-02-16T00:00:00+08:00</endTime>
            <elementValue>
              <value> </value>
              <measures>%</measures>
            </elementValue>
          </time>
        </weatherElement>
        <weatherElement>
          <elementName>WD</elementName>
          <description>wind direction</description>
          <time>
            <startTime>2021-02-09T00:00:00+08:00</startTime>
            <endTime>2021-02-10T00:00:00+08:00</endTime>
            <elementValue>
              <value>NW</value>
              <measures>8 directions</measures>
            </elementValue>
          </time>
          <time>
            <startTime>2021-02-10T00:00:00+08:00</startTime>
            <endTime>2021-02-11T00:00:00+08:00</endTime>
            <elementValue>
              <value>S</value>
              <measures>8 directions</measures>
            </elementValue>
          </time>
          <time>
            <startTime>2021-02-11T00:00:00+08:00</startTime>
            <endTime>2021-02-12T00:00:00+08:00</endTime>
            <elementValue>
              <value>N</value>
              <measures>8 directions</measures>
            </elementValue>
          </time>
          <time>
            <startTime>2021-02-12T00:00:00+08:00</startTime>
            <endTime>2021-02-13T00:00:00+08:00</endTime>
            <elementValue>
              <value>N</value>
              <measures>8 directions</measures>
            </elementValue>
          </time>
          <time>
            <startTime>2021-02-13T00:00:00+08:00</startTime>
            <endTime>2021-02-14T00:00:00+08:00</endTime>
            <elementValue>
              <value>N</value>
              <measures>8 directions</measures>
            </elementValue>
          </time>
          <time>
            <startTime>2021-02-14T00:00:00+08:00</startTime>
            <endTime>2021-02-15T00:00:00+08:00</endTime>
            <elementValue>
              <value>N</value>
              <measures>8 directions</measures>
            </elementValue>
          </time>
          <time>
            <startTime>2021-02-15T00:00:00+08:00</startTime>
            <endTime>2021-02-16T00:00:00+08:00</endTime>
            <elementValue>
              <value>N</value>
              <measures>8 directions</measures>
            </elementValue>
          </time>
        </weatherElement>
        <weatherElement>
          <elementName>WS</elementName>
          <description>maximum of wind speed</description>
          <time>
            <startTime>2021-02-09T00:00:00+08:00</startTime>
            <endTime>2021-02-10T00:00:00+08:00</endTime>
            <elementValue>
              <value>3</value>
              <measures>m/s</measures>
            </elementValue>
            <elementValue>
              <value>2</value>
              <measures>Beaufort</measures>
            </elementValue>
          </time>
          <time>
            <startTime>2021-02-10T00:00:00+08:00</startTime>
            <endTime>2021-02-11T00:00:00+08:00</endTime>
            <elementValue>
              <value>3</value>
              <measures>m/s</measures>
            </elementValue>
            <elementValue>
              <value>2</value>
              <measures>Beaufort</measures>
            </elementValue>
          </time>
          <time>
            <startTime>2021-02-11T00:00:00+08:00</startTime>
            <endTime>2021-02-12T00:00:00+08:00</endTime>
            <elementValue>
              <value>5</value>
              <measures>m/s</measures>
            </elementValue>
            <elementValue>
              <value>3</value>
              <measures>Beaufort</measures>
            </elementValue>
          </time>
          <time>
            <startTime>2021-02-12T00:00:00+08:00</startTime>
            <endTime>2021-02-13T00:00:00+08:00</endTime>
            <elementValue>
              <value>3</value>
              <measures>m/s</measures>
            </elementValue>
            <elementValue>
              <value>2</value>
              <measures>Beaufort</measures>
            </elementValue>
          </time>
          <time>
            <startTime>2021-02-13T00:00:00+08:00</startTime>
            <endTime>2021-02-14T00:00:00+08:00</endTime>
            <elementValue>
              <value>2</value>
              <measures>m/s</measures>
            </elementValue>
            <elementValue>
              <value>2</value>
              <measures>Beaufort</measures>
            </elementValue>
          </time>
          <time>
            <startTime>2021-02-14T00:00:00+08:00</startTime>
            <endTime>2021-02-15T00:00:00+08:00</endTime>
            <elementValue>
              <value>2</value>
              <measures>m/s</measures>
            </elementValue>
            <elementValue>
              <value>2</value>
              <measures>Beaufort</measures>
            </elementValue>
          </time>
          <time>
            <startTime>2021-02-15T00:00:00+08:00</startTime>
            <endTime>2021-02-16T00:00:00+08:00</endTime>
            <elementValue>
              <value>3</value>
              <measures>m/s</measures>
            </elementValue>
            <elementValue>
              <value>2</value>
              <measures>Beaufort</measures>
            </elementValue>
          </time>
        </weatherElement>
        <weatherElement>
          <elementName>Wx</elementName>
          <description>weather</description>
          <time>
            <startTime>2021-02-09T00:00:00+08:00</startTime>
            <endTime>2021-02-10T00:00:00+08:00</endTime>
            <elementValue>
              <value>Mostly clear</value>
              <measures>define Wx text by self</measures>
            </elementValue>
            <elementValue>
              <value>02</value>
              <measures>define Wx unit by self</measures>
            </elementValue>
          </time>
          <time>
            <startTime>2021-02-10T00:00:00+08:00</startTime>
            <endTime>2021-02-11T00:00:00+08:00</endTime>
            <elementValue>
              <value>Partly cloudy with occasional rain</value>
              <measures>define Wx text by self</measures>
            </elementValue>
            <elementValue>
              <value>08</value>
              <measures>define Wx unit by self</measures>
            </elementValue>
          </time>
          <time>
            <startTime>2021-02-11T00:00:00+08:00</startTime>
            <endTime>2021-02-12T00:00:00+08:00</endTime>
            <elementValue>
              <value>Partly cloudy with occasional showers or thunderstorms</value>
              <measures>define Wx text by self</measures>
            </elementValue>
            <elementValue>
              <value>15</value>
              <measures>define Wx unit by self</measures>
            </elementValue>
          </time>
          <time>
            <startTime>2021-02-12T00:00:00+08:00</startTime>
            <endTime>2021-02-13T00:00:00+08:00</endTime>
            <elementValue>
              <value>Mostly cloudy</value>
              <measures>define Wx text by self</measures>
            </elementValue>
            <elementValue>
              <value>05</value>
              <measures>define Wx unit by self</measures>
            </elementValue>
          </time>
          <time>
            <startTime>2021-02-13T00:00:00+08:00</startTime>
            <endTime>2021-02-14T00:00:00+08:00</endTime>
            <elementValue>
              <value>Partly clear</value>
              <measures>define Wx text by self</measures>
            </elementValue>
            <elementValue>
              <value>03</value>
              <measures>define Wx unit by self</measures>
            </elementValue>
          </time>
          <time>
            <startTime>2021-02-14T00:00:00+08:00</startTime>
            <endTime>2021-02-15T00:00:00+08:00</endTime>
            <elementValue>
              <value>Mostly clear</value>
              <measures>define Wx text by self</measures>
            </elementValue>
            <elementValue>
              <value>02</value>
              <measures>define Wx unit by self</measures>
            </elementValue>
          </time>
          <time>
            <startTime>2021-02-15T00:00:00+08:00</startTime>
            <endTime>2021-02-16T00:00:00+08:00</endTime>
            <elementValue>
              <value>Mostly clear</value>
              <measures>define Wx text by self</measures>
            </elementValue>
            <elementValue>
              <value>02</value>
              <measures>define Wx unit by self</measures>
            </elementValue>
          </time>
        </weatherElement>
        <weatherElement>
          <elementName>UVI</elementName>
          <description>Ultraviolet index</description>
          <time>
            <startTime>2021-02-09T06:00:00+08:00</startTime>
            <endTime>2021-02-09T18:00:00+08:00</endTime>
            <elementValue>
              <value>5</value>
              <measures>UV Index</measures>
            </elementValue>
            <elementValue>
              <value>Moderate</value>
              <measures>Exposure Level</measures>
            </elementValue>
          </time>
          <time>
            <startTime>2021-02-10T06:00:00+08:00</startTime>
            <endTime>2021-02-10T18:00:00+08:00</endTime>
            <elementValue>
              <value>6</value>
              <measures>UV Index</measures>
            </elementValue>
            <elementValue>
              <value>High</value>
              <measures>Exposure Level</measures>
            </elementValue>
          </time>
          <time>
            <startTime>2021-02-11T06:00:00+08:00</startTime>
            <endTime>2021-02-11T18:00:00+08:00</endTime>
            <elementValue>
              <value>6</value>
              <measures>UV Index</measures>
            </elementValue>
            <elementValue>
              <value>High</value>
              <measures>Exposure Level</measures>
            </elementValue>
          </time>
          <time>
            <startTime>2021-02-12T06:00:00+08:00</startTime>
            <endTime>2021-02-12T18:00:00+08:00</endTime>
            <elementValue>
              <value>5</value>
              <measures>UV Index</measures>
            </elementValue>
            <elementValue>
              <value>Moderate</value>
              <measures>Exposure Level</measures>
            </elementValue>
          </time>
          <time>
            <startTime>2021-02-13T06:00:00+08:00</startTime>
            <endTime>2021-02-13T18:00:00+08:00</endTime>
            <elementValue>
              <value>5</value>
              <measures>UV Index</measures>
            </elementValue>
            <elementValue>
              <value>Moderate</value>
              <measures>Exposure Level</measures>
            </elementValue>
          </time>
          <time>
            <startTime>2021-02-14T06:00:00+08:00</startTime>
            <endTime>2021-02-14T18:00:00+08:00</endTime>
            <elementValue>
              <value>6</value>
              <measures>UV Index</measures>
            </elementValue>
            <elementValue>
              <value>High</value>
              <measures>Exposure Level</measures>
            </elementValue>
          </time>
          <time>
            <startTime>2021-02-15T06:00:00+08:00</startTime>
            <endTime>2021-02-15T18:00:00+08:00</endTime>
            <elementValue>
              <value>6</value>
              <measures>UV Index</measures>
            </elementValue>
            <elementValue>
              <value>High</value>
              <measures>Exposure Level</measures>
            </elementValue>
          </time>
        </weatherElement>
        <weatherElement>
          <elementName>WeatherDescription</elementName>
          <description>weather description</description>
          <time>
            <startTime>2021-02-09T00:00:00+08:00</startTime>
            <endTime>2021-02-10T00:00:00+08:00</endTime>
            <elementValue>
              <value>Mostly clear. Temperature between 15 and 26 centigrade. Cold~Comfortable. NW wind 3m/s. Chance of precipitation 0%.</value>
              <measures>NA</measures>
            </elementValue>
          </time>
          <time>
            <startTime>2021-02-10T00:00:00+08:00</startTime>
            <endTime>2021-02-11T00:00:00+08:00</endTime>
            <elementValue>
              <value>Partly cloudy with occasional rain. Temperature between 15 and 26 centigrade. Cold~Comfortable. S wind 3m/s. Chance of precipitation 60%.</value>
              <measures>NA</measures>
            </elementValue>
          </time>
          <time>
            <startTime>2021-02-11T00:00:00+08:00</startTime>
            <endTime>2021-02-12T00:00:00+08:00</endTime>
            <elementValue>
              <value>Partly cloudy with occasional showers or thunderstorms. Temperature between 16 and 24 centigrade. Cold~Comfortable. N wind 5m/s. Chance of precipitation 70%.</value>
              <measures>NA</measures>
            </elementValue>
          </time>
          <time>
            <startTime>2021-02-12T00:00:00+08:00</startTime>
            <endTime>2021-02-13T00:00:00+08:00</endTime>
            <elementValue>
              <value>Mostly cloudy. Temperature between 14 and 24 centigrade. Cold~Comfortable. N wind 3m/s. </value>
              <measures>NA</measures>
            </elementValue>
          </time>
          <time>
            <startTime>2021-02-13T00:00:00+08:00</startTime>
            <endTime>2021-02-14T00:00:00+08:00</endTime>
            <elementValue>
              <value>Partly clear. Temperature between 14 and 25 centigrade. Cold~Comfortable. N wind 2m/s. </value>
              <measures>NA</measures>
            </elementValue>
          </time>
          <time>
            <startTime>2021-02-14T00:00:00+08:00</startTime>
            <endTime>2021-02-15T00:00:00+08:00</endTime>
            <elementValue>
              <value>Mostly clear. Temperature between 14 and 26 centigrade. Cold~Comfortable. N wind 2m/s. </value>
              <measures>NA</measures>
            </elementValue>
          </time>
          <time>
            <startTime>2021-02-15T00:00:00+08:00</startTime>
            <endTime>2021-02-16T00:00:00+08:00</endTime>
            <elementValue>
              <value>Mostly clear. Temperature between 14 and 26 centigrade. Cold~Comfortable. N wind 3m/s. </value>
              <measures>NA</measures>
            </elementValue>
          </time>
        </weatherElement>
      </location>
      <location>
        <locationName>West District</locationName>
        <geocode>1002002</geocode>
        <lat>23.466267</lat>
        <lon>120.427285</lon>
        <weatherElement>
          <elementName>T</elementName>
          <description>average of temperature</description>
          <time>
            <startTime>2021-02-09T00:00:00+08:00</startTime>
            <endTime>2021-02-10T00:00:00+08:00</endTime>
            <elementValue>
              <value>19</value>
              <measures>C</measures>
            </elementValue>
          </time>
          <time>
            <startTime>2021-02-10T00:00:00+08:00</startTime>
            <endTime>2021-02-11T00:00:00+08:00</endTime>
            <elementValue>
              <value>20</value>
              <measures>C</measures>
            </elementValue>
          </time>
          <time>
            <startTime>2021-02-11T00:00:00+08:00</startTime>
            <endTime>2021-02-12T00:00:00+08:00</endTime>
            <elementValue>
              <value>19</value>
              <measures>C</measures>
            </elementValue>
          </time>
          <time>
            <startTime>2021-02-12T00:00:00+08:00</startTime>
            <endTime>2021-02-13T00:00:00+08:00</endTime>
            <elementValue>
              <value>18</value>
              <measures>C</measures>
            </elementValue>
          </time>
          <time>
            <startTime>2021-02-13T00:00:00+08:00</startTime>
            <endTime>2021-02-14T00:00:00+08:00</endTime>
            <elementValue>
              <value>19</value>
              <measures>C</measures>
            </elementValue>
          </time>
          <time>
            <startTime>2021-02-14T00:00:00+08:00</startTime>
            <endTime>2021-02-15T00:00:00+08:00</endTime>
            <elementValue>
              <value>19</value>
              <measures>C</measures>
            </elementValue>
          </time>
          <time>
            <startTime>2021-02-15T00:00:00+08:00</startTime>
            <endTime>2021-02-16T00:00:00+08:00</endTime>
            <elementValue>
              <value>19</value>
              <measures>C</measures>
            </elementValue>
          </time>
        </weatherElement>
        <weatherElement>
          <elementName>Td</elementName>
          <description>average of dew point temperature</description>
          <time>
            <startTime>2021-02-09T00:00:00+08:00</startTime>
            <endTime>2021-02-10T00:00:00+08:00</endTime>
            <elementValue>
              <value>15</value>
              <measures>C</measures>
            </elementValue>
          </time>
          <time>
            <startTime>2021-02-10T00:00:00+08:00</startTime>
            <endTime>2021-02-11T00:00:00+08:00</endTime>
            <elementValue>
              <value>16</value>
              <measures>C</measures>
            </elementValue>
          </time>
          <time>
            <startTime>2021-02-11T00:00:00+08:00</startTime>
            <endTime>2021-02-12T00:00:00+08:00</endTime>
            <elementValue>
              <value>17</value>
              <measures>C</measures>
            </elementValue>
          </time>
          <time>
            <startTime>2021-02-12T00:00:00+08:00</startTime>
            <endTime>2021-02-13T00:00:00+08:00</endTime>
            <elementValue>
              <value>16</value>
              <measures>C</measures>
            </elementValue>
          </time>
          <time>
            <startTime>2021-02-13T00:00:00+08:00</startTime>
            <endTime>2021-02-14T00:00:00+08:00</endTime>
            <elementValue>
              <value>16</value>
              <measures>C</measures>
            </elementValue>
          </time>
          <time>
            <startTime>2021-02-14T00:00:00+08:00</startTime>
            <endTime>2021-02-15T00:00:00+08:00</endTime>
            <elementValue>
              <value>16</value>
              <measures>C</measures>
            </elementValue>
          </time>
          <time>
            <startTime>2021-02-15T00:00:00+08:00</startTime>
            <endTime>2021-02-16T00:00:00+08:00</endTime>
            <elementValue>
              <value>15</value>
              <measures>C</measures>
            </elementValue>
          </time>
        </weatherElement>
        <weatherElement>
          <elementName>RH</elementName>
          <description>average of relative humidity</description>
          <time>
            <startTime>2021-02-09T00:00:00+08:00</startTime>
            <endTime>2021-02-10T00:00:00+08:00</endTime>
            <elementValue>
              <value>79</value>
              <measures>%</measures>
            </elementValue>
          </time>
          <time>
            <startTime>2021-02-10T00:00:00+08:00</startTime>
            <endTime>2021-02-11T00:00:00+08:00</endTime>
            <elementValue>
              <value>81</value>
              <measures>%</measures>
            </elementValue>
          </time>
          <time>
            <startTime>2021-02-11T00:00:00+08:00</startTime>
            <endTime>2021-02-12T00:00:00+08:00</endTime>
            <elementValue>
              <value>89</value>
              <measures>%</measures>
            </elementValue>
          </time>
          <time>
            <startTime>2021-02-12T00:00:00+08:00</startTime>
            <endTime>2021-02-13T00:00:00+08:00</endTime>
            <elementValue>
              <value>86</value>
              <measures>%</measures>
            </elementValue>
          </time>
          <time>
            <startTime>2021-02-13T00:00:00+08:00</startTime>
            <endTime>2021-02-14T00:00:00+08:00</endTime>
            <elementValue>
              <value>86</value>
              <measures>%</measures>
            </elementValue>
          </time>
          <time>
            <startTime>2021-02-14T00:00:00+08:00</startTime>
            <endTime>2021-02-15T00:00:00+08:00</endTime>
            <elementValue>
              <value>84</value>
              <measures>%</measures>
            </elementValue>
          </time>
          <time>
            <startTime>2021-02-15T00:00:00+08:00</startTime>
            <endTime>2021-02-16T00:00:00+08:00</endTime>
            <elementValue>
              <value>82</value>
              <measures>%</measures>
            </elementValue>
          </time>
        </weatherElement>
        <weatherElement>
          <elementName>MaxT</elementName>
          <description>maximum temperature</description>
          <time>
            <startTime>2021-02-09T00:00:00+08:00</startTime>
            <endTime>2021-02-10T00:00:00+08:00</endTime>
            <elementValue>
              <value>26</value>
              <measures>C</measures>
            </elementValue>
          </time>
          <time>
            <startTime>2021-02-10T00:00:00+08:00</startTime>
            <endTime>2021-02-11T00:00:00+08:00</endTime>
            <elementValue>
              <value>26</value>
              <measures>C</measures>
            </elementValue>
          </time>
          <time>
            <startTime>2021-02-11T00:00:00+08:00</startTime>
            <endTime>2021-02-12T00:00:00+08:00</endTime>
            <elementValue>
              <value>24</value>
              <measures>C</measures>
            </elementValue>
          </time>
          <time>
            <startTime>2021-02-12T00:00:00+08:00</startTime>
            <endTime>2021-02-13T00:00:00+08:00</endTime>
            <elementValue>
              <value>24</value>
              <measures>C</measures>
            </elementValue>
          </time>
          <time>
            <startTime>2021-02-13T00:00:00+08:00</startTime>
            <endTime>2021-02-14T00:00:00+08:00</endTime>
            <elementValue>
              <value>25</value>
              <measures>C</measures>
            </elementValue>
          </time>
          <time>
            <startTime>2021-02-14T00:00:00+08:00</startTime>
            <endTime>2021-02-15T00:00:00+08:00</endTime>
            <elementValue>
              <value>26</value>
              <measures>C</measures>
            </elementValue>
          </time>
          <time>
            <startTime>2021-02-15T00:00:00+08:00</startTime>
            <endTime>2021-02-16T00:00:00+08:00</endTime>
            <elementValue>
              <value>26</value>
              <measures>C</measures>
            </elementValue>
          </time>
        </weatherElement>
        <weatherElement>
          <elementName>MinT</elementName>
          <description>minimum temperature</description>
          <time>
            <startTime>2021-02-09T00:00:00+08:00</startTime>
            <endTime>2021-02-10T00:00:00+08:00</endTime>
            <elementValue>
              <value>15</value>
              <measures>C</measures>
            </elementValue>
          </time>
          <time>
            <startTime>2021-02-10T00:00:00+08:00</startTime>
            <endTime>2021-02-11T00:00:00+08:00</endTime>
            <elementValue>
              <value>15</value>
              <measures>C</measures>
            </elementValue>
          </time>
          <time>
            <startTime>2021-02-11T00:00:00+08:00</startTime>
            <endTime>2021-02-12T00:00:00+08:00</endTime>
            <elementValue>
              <value>16</value>
              <measures>C</measures>
            </elementValue>
          </time>
          <time>
            <startTime>2021-02-12T00:00:00+08:00</startTime>
            <endTime>2021-02-13T00:00:00+08:00</endTime>
            <elementValue>
              <value>14</value>
              <measures>C</measures>
            </elementValue>
          </time>
          <time>
            <startTime>2021-02-13T00:00:00+08:00</startTime>
            <endTime>2021-02-14T00:00:00+08:00</endTime>
            <elementValue>
              <value>14</value>
              <measures>C</measures>
            </elementValue>
          </time>
          <time>
            <startTime>2021-02-14T00:00:00+08:00</startTime>
            <endTime>2021-02-15T00:00:00+08:00</endTime>
            <elementValue>
              <value>14</value>
              <measures>C</measures>
            </elementValue>
          </time>
          <time>
            <startTime>2021-02-15T00:00:00+08:00</startTime>
            <endTime>2021-02-16T00:00:00+08:00</endTime>
            <elementValue>
              <value>14</value>
              <measures>C</measures>
            </elementValue>
          </time>
        </weatherElement>
        <weatherElement>
          <elementName>MaxAT</elementName>
          <description>maximum athletic temperature</description>
          <time>
            <startTime>2021-02-09T00:00:00+08:00</startTime>
            <endTime>2021-02-10T00:00:00+08:00</endTime>
            <elementValue>
              <value>27</value>
              <measures>C</measures>
            </elementValue>
          </time>
          <time>
            <startTime>2021-02-10T00:00:00+08:00</startTime>
            <endTime>2021-02-11T00:00:00+08:00</endTime>
            <elementValue>
              <value>28</value>
              <measures>C</measures>
            </elementValue>
          </time>
          <time>
            <startTime>2021-02-11T00:00:00+08:00</startTime>
            <endTime>2021-02-12T00:00:00+08:00</endTime>
            <elementValue>
              <value>26</value>
              <measures>C</measures>
            </elementValue>
          </time>
          <time>
            <startTime>2021-02-12T00:00:00+08:00</startTime>
            <endTime>2021-02-13T00:00:00+08:00</endTime>
            <elementValue>
              <value>26</value>
              <measures>C</measures>
            </elementValue>
          </time>
          <time>
            <startTime>2021-02-13T00:00:00+08:00</startTime>
            <endTime>2021-02-14T00:00:00+08:00</endTime>
            <elementValue>
              <value>26</value>
              <measures>C</measures>
            </elementValue>
          </time>
          <time>
            <startTime>2021-02-14T00:00:00+08:00</startTime>
            <endTime>2021-02-15T00:00:00+08:00</endTime>
            <elementValue>
              <value>27</value>
              <measures>C</measures>
            </elementValue>
          </time>
          <time>
            <startTime>2021-02-15T00:00:00+08:00</startTime>
            <endTime>2021-02-16T00:00:00+08:00</endTime>
            <elementValue>
              <value>26</value>
              <measures>C</measures>
            </elementValue>
          </time>
        </weatherElement>
        <weatherElement>
          <elementName>MinAT</elementName>
          <description>minimum athletic temperature</description>
          <time>
            <startTime>2021-02-09T00:00:00+08:00</startTime>
            <endTime>2021-02-10T00:00:00+08:00</endTime>
            <elementValue>
              <value>14</value>
              <measures>C</measures>
            </elementValue>
          </time>
          <time>
            <startTime>2021-02-10T00:00:00+08:00</startTime>
            <endTime>2021-02-11T00:00:00+08:00</endTime>
            <elementValue>
              <value>15</value>
              <measures>C</measures>
            </elementValue>
          </time>
          <time>
            <startTime>2021-02-11T00:00:00+08:00</startTime>
            <endTime>2021-02-12T00:00:00+08:00</endTime>
            <elementValue>
              <value>14</value>
              <measures>C</measures>
            </elementValue>
          </time>
          <time>
            <startTime>2021-02-12T00:00:00+08:00</startTime>
            <endTime>2021-02-13T00:00:00+08:00</endTime>
            <elementValue>
              <value>14</value>
              <measures>C</measures>
            </elementValue>
          </time>
          <time>
            <startTime>2021-02-13T00:00:00+08:00</startTime>
            <endTime>2021-02-14T00:00:00+08:00</endTime>
            <elementValue>
              <value>14</value>
              <measures>C</measures>
            </elementValue>
          </time>
          <time>
            <startTime>2021-02-14T00:00:00+08:00</startTime>
            <endTime>2021-02-15T00:00:00+08:00</endTime>
            <elementValue>
              <value>14</value>
              <measures>C</measures>
            </elementValue>
          </time>
          <time>
            <startTime>2021-02-15T00:00:00+08:00</startTime>
            <endTime>2021-02-16T00:00:00+08:00</endTime>
            <elementValue>
              <value>14</value>
              <measures>C</measures>
            </elementValue>
          </time>
        </weatherElement>
        <weatherElement>
          <elementName>MaxCI</elementName>
          <description>maximum comfort index</description>
          <time>
            <startTime>2021-02-09T00:00:00+08:00</startTime>
            <endTime>2021-02-10T00:00:00+08:00</endTime>
            <elementValue>
              <value>23</value>
              <measures>NA</measures>
            </elementValue>
          </time>
          <time>
            <startTime>2021-02-10T00:00:00+08:00</startTime>
            <endTime>2021-02-11T00:00:00+08:00</endTime>
            <elementValue>
              <value>23</value>
              <measures>NA</measures>
            </elementValue>
          </time>
          <time>
            <startTime>2021-02-11T00:00:00+08:00</startTime>
            <endTime>2021-02-12T00:00:00+08:00</endTime>
            <elementValue>
              <value>23</value>
              <measures>NA</measures>
            </elementValue>
          </time>
          <time>
            <startTime>2021-02-12T00:00:00+08:00</startTime>
            <endTime>2021-02-13T00:00:00+08:00</endTime>
            <elementValue>
              <value>22</value>
              <measures>NA</measures>
            </elementValue>
          </time>
          <time>
            <startTime>2021-02-13T00:00:00+08:00</startTime>
            <endTime>2021-02-14T00:00:00+08:00</endTime>
            <elementValue>
              <value>23</value>
              <measures>NA</measures>
            </elementValue>
          </time>
          <time>
            <startTime>2021-02-14T00:00:00+08:00</startTime>
            <endTime>2021-02-15T00:00:00+08:00</endTime>
            <elementValue>
              <value>23</value>
              <measures>NA</measures>
            </elementValue>
          </time>
          <time>
            <startTime>2021-02-15T00:00:00+08:00</startTime>
            <endTime>2021-02-16T00:00:00+08:00</endTime>
            <elementValue>
              <value>23</value>
              <measures>NA</measures>
            </elementValue>
          </time>
        </weatherElement>
        <weatherElement>
          <elementName>MinCI</elementName>
          <description>minimum comfort index</description>
          <time>
            <startTime>2021-02-09T00:00:00+08:00</startTime>
            <endTime>2021-02-10T00:00:00+08:00</endTime>
            <elementValue>
              <value>15</value>
              <measures>NA</measures>
            </elementValue>
          </time>
          <time>
            <startTime>2021-02-10T00:00:00+08:00</startTime>
            <endTime>2021-02-11T00:00:00+08:00</endTime>
            <elementValue>
              <value>15</value>
              <measures>NA</measures>
            </elementValue>
          </time>
          <time>
            <startTime>2021-02-11T00:00:00+08:00</startTime>
            <endTime>2021-02-12T00:00:00+08:00</endTime>
            <elementValue>
              <value>16</value>
              <measures>NA</measures>
            </elementValue>
          </time>
          <time>
            <startTime>2021-02-12T00:00:00+08:00</startTime>
            <endTime>2021-02-13T00:00:00+08:00</endTime>
            <elementValue>
              <value>14</value>
              <measures>NA</measures>
            </elementValue>
          </time>
          <time>
            <startTime>2021-02-13T00:00:00+08:00</startTime>
            <endTime>2021-02-14T00:00:00+08:00</endTime>
            <elementValue>
              <value>14</value>
              <measures>NA</measures>
            </elementValue>
          </time>
          <time>
            <startTime>2021-02-14T00:00:00+08:00</startTime>
            <endTime>2021-02-15T00:00:00+08:00</endTime>
            <elementValue>
              <value>14</value>
              <measures>NA</measures>
            </elementValue>
          </time>
          <time>
            <startTime>2021-02-15T00:00:00+08:00</startTime>
            <endTime>2021-02-16T00:00:00+08:00</endTime>
            <elementValue>
              <value>14</value>
              <measures>NA</measures>
            </elementValue>
          </time>
        </weatherElement>
        <weatherElement>
          <elementName>PoP24h</elementName>
          <description>24 hours probability of precipitation</description>
          <time>
            <startTime>2021-02-09T00:00:00+08:00</startTime>
            <endTime>2021-02-10T00:00:00+08:00</endTime>
            <elementValue>
              <value>0</value>
              <measures>%</measures>
            </elementValue>
          </time>
          <time>
            <startTime>2021-02-10T00:00:00+08:00</startTime>
            <endTime>2021-02-11T00:00:00+08:00</endTime>
            <elementValue>
              <value>60</value>
              <measures>%</measures>
            </elementValue>
          </time>
          <time>
            <startTime>2021-02-11T00:00:00+08:00</startTime>
            <endTime>2021-02-12T00:00:00+08:00</endTime>
            <elementValue>
              <value>70</value>
              <measures>%</measures>
            </elementValue>
          </time>
          <time>
            <startTime>2021-02-12T00:00:00+08:00</startTime>
            <endTime>2021-02-13T00:00:00+08:00</endTime>
            <elementValue>
              <value> </value>
              <measures>%</measures>
            </elementValue>
          </time>
          <time>
            <startTime>2021-02-13T00:00:00+08:00</startTime>
            <endTime>2021-02-14T00:00:00+08:00</endTime>
            <elementValue>
              <value> </value>
              <measures>%</measures>
            </elementValue>
          </time>
          <time>
            <startTime>2021-02-14T00:00:00+08:00</startTime>
            <endTime>2021-02-15T00:00:00+08:00</endTime>
            <elementValue>
              <value> </value>
              <measures>%</measures>
            </elementValue>
          </time>
          <time>
            <startTime>2021-02-15T00:00:00+08:00</startTime>
            <endTime>2021-02-16T00:00:00+08:00</endTime>
            <elementValue>
              <value> </value>
              <measures>%</measures>
            </elementValue>
          </time>
        </weatherElement>
        <weatherElement>
          <elementName>WD</elementName>
          <description>wind direction</description>
          <time>
            <startTime>2021-02-09T00:00:00+08:00</startTime>
            <endTime>2021-02-10T00:00:00+08:00</endTime>
            <elementValue>
              <value>NW</value>
              <measures>8 directions</measures>
            </elementValue>
          </time>
          <time>
            <startTime>2021-02-10T00:00:00+08:00</startTime>
            <endTime>2021-02-11T00:00:00+08:00</endTime>
            <elementValue>
              <value>S</value>
              <measures>8 directions</measures>
            </elementValue>
          </time>
          <time>
            <startTime>2021-02-11T00:00:00+08:00</startTime>
            <endTime>2021-02-12T00:00:00+08:00</endTime>
            <elementValue>
              <value>N</value>
              <measures>8 directions</measures>
            </elementValue>
          </time>
          <time>
            <startTime>2021-02-12T00:00:00+08:00</startTime>
            <endTime>2021-02-13T00:00:00+08:00</endTime>
            <elementValue>
              <value>N</value>
              <measures>8 directions</measures>
            </elementValue>
          </time>
          <time>
            <startTime>2021-02-13T00:00:00+08:00</startTime>
            <endTime>2021-02-14T00:00:00+08:00</endTime>
            <elementValue>
              <value>N</value>
              <measures>8 directions</measures>
            </elementValue>
          </time>
          <time>
            <startTime>2021-02-14T00:00:00+08:00</startTime>
            <endTime>2021-02-15T00:00:00+08:00</endTime>
            <elementValue>
              <value>N</value>
              <measures>8 directions</measures>
            </elementValue>
          </time>
          <time>
            <startTime>2021-02-15T00:00:00+08:00</startTime>
            <endTime>2021-02-16T00:00:00+08:00</endTime>
            <elementValue>
              <value>N</value>
              <measures>8 directions</measures>
            </elementValue>
          </time>
        </weatherElement>
        <weatherElement>
          <elementName>WS</elementName>
          <description>maximum of wind speed</description>
          <time>
            <startTime>2021-02-09T00:00:00+08:00</startTime>
            <endTime>2021-02-10T00:00:00+08:00</endTime>
            <elementValue>
              <value>4</value>
              <measures>m/s</measures>
            </elementValue>
            <elementValue>
              <value>3</value>
              <measures>Beaufort</measures>
            </elementValue>
          </time>
          <time>
            <startTime>2021-02-10T00:00:00+08:00</startTime>
            <endTime>2021-02-11T00:00:00+08:00</endTime>
            <elementValue>
              <value>4</value>
              <measures>m/s</measures>
            </elementValue>
            <elementValue>
              <value>3</value>
              <measures>Beaufort</measures>
            </elementValue>
          </time>
          <time>
            <startTime>2021-02-11T00:00:00+08:00</startTime>
            <endTime>2021-02-12T00:00:00+08:00</endTime>
            <elementValue>
              <value>6</value>
              <measures>m/s</measures>
            </elementValue>
            <elementValue>
              <value>4</value>
              <measures>Beaufort</measures>
            </elementValue>
          </time>
          <time>
            <startTime>2021-02-12T00:00:00+08:00</startTime>
            <endTime>2021-02-13T00:00:00+08:00</endTime>
            <elementValue>
              <value>3</value>
              <measures>m/s</measures>
            </elementValue>
            <elementValue>
              <value>2</value>
              <measures>Beaufort</measures>
            </elementValue>
          </time>
          <time>
            <startTime>2021-02-13T00:00:00+08:00</startTime>
            <endTime>2021-02-14T00:00:00+08:00</endTime>
            <elementValue>
              <value>2</value>
              <measures>m/s</measures>
            </elementValue>
            <elementValue>
              <value>2</value>
              <measures>Beaufort</measures>
            </elementValue>
          </time>
          <time>
            <startTime>2021-02-14T00:00:00+08:00</startTime>
            <endTime>2021-02-15T00:00:00+08:00</endTime>
            <elementValue>
              <value>3</value>
              <measures>m/s</measures>
            </elementValue>
            <elementValue>
              <value>2</value>
              <measures>Beaufort</measures>
            </elementValue>
          </time>
          <time>
            <startTime>2021-02-15T00:00:00+08:00</startTime>
            <endTime>2021-02-16T00:00:00+08:00</endTime>
            <elementValue>
              <value>3</value>
              <measures>m/s</measures>
            </elementValue>
            <elementValue>
              <value>2</value>
              <measures>Beaufort</measures>
            </elementValue>
          </time>
        </weatherElement>
        <weatherElement>
          <elementName>Wx</elementName>
          <description>weather</description>
          <time>
            <startTime>2021-02-09T00:00:00+08:00</startTime>
            <endTime>2021-02-10T00:00:00+08:00</endTime>
            <elementValue>
              <value>Mostly clear</value>
              <measures>define Wx text by self</measures>
            </elementValue>
            <elementValue>
              <value>02</value>
              <measures>define Wx unit by self</measures>
            </elementValue>
          </time>
          <time>
            <startTime>2021-02-10T00:00:00+08:00</startTime>
            <endTime>2021-02-11T00:00:00+08:00</endTime>
            <elementValue>
              <value>Partly cloudy with occasional rain</value>
              <measures>define Wx text by self</measures>
            </elementValue>
            <elementValue>
              <value>08</value>
              <measures>define Wx unit by self</measures>
            </elementValue>
          </time>
          <time>
            <startTime>2021-02-11T00:00:00+08:00</startTime>
            <endTime>2021-02-12T00:00:00+08:00</endTime>
            <elementValue>
              <value>Partly cloudy with occasional showers or thunderstorms</value>
              <measures>define Wx text by self</measures>
            </elementValue>
            <elementValue>
              <value>15</value>
              <measures>define Wx unit by self</measures>
            </elementValue>
          </time>
          <time>
            <startTime>2021-02-12T00:00:00+08:00</startTime>
            <endTime>2021-02-13T00:00:00+08:00</endTime>
            <elementValue>
              <value>Partly cloudy</value>
              <measures>define Wx text by self</measures>
            </elementValue>
            <elementValue>
              <value>04</value>
              <measures>define Wx unit by self</measures>
            </elementValue>
          </time>
          <time>
            <startTime>2021-02-13T00:00:00+08:00</startTime>
            <endTime>2021-02-14T00:00:00+08:00</endTime>
            <elementValue>
              <value>Partly clear</value>
              <measures>define Wx text by self</measures>
            </elementValue>
            <elementValue>
              <value>03</value>
              <measures>define Wx unit by self</measures>
            </elementValue>
          </time>
          <time>
            <startTime>2021-02-14T00:00:00+08:00</startTime>
            <endTime>2021-02-15T00:00:00+08:00</endTime>
            <elementValue>
              <value>Mostly clear</value>
              <measures>define Wx text by self</measures>
            </elementValue>
            <elementValue>
              <value>02</value>
              <measures>define Wx unit by self</measures>
            </elementValue>
          </time>
          <time>
            <startTime>2021-02-15T00:00:00+08:00</startTime>
            <endTime>2021-02-16T00:00:00+08:00</endTime>
            <elementValue>
              <value>Mostly clear</value>
              <measures>define Wx text by self</measures>
            </elementValue>
            <elementValue>
              <value>02</value>
              <measures>define Wx unit by self</measures>
            </elementValue>
          </time>
        </weatherElement>
        <weatherElement>
          <elementName>UVI</elementName>
          <description>Ultraviolet index</description>
          <time>
            <startTime>2021-02-09T06:00:00+08:00</startTime>
            <endTime>2021-02-09T18:00:00+08:00</endTime>
            <elementValue>
              <value>5</value>
              <measures>UV Index</measures>
            </elementValue>
            <elementValue>
              <value>Moderate</value>
              <measures>Exposure Level</measures>
            </elementValue>
          </time>
          <time>
            <startTime>2021-02-10T06:00:00+08:00</startTime>
            <endTime>2021-02-10T18:00:00+08:00</endTime>
            <elementValue>
              <value>6</value>
              <measures>UV Index</measures>
            </elementValue>
            <elementValue>
              <value>High</value>
              <measures>Exposure Level</measures>
            </elementValue>
          </time>
          <time>
            <startTime>2021-02-11T06:00:00+08:00</startTime>
            <endTime>2021-02-11T18:00:00+08:00</endTime>
            <elementValue>
              <value>5</value>
              <measures>UV Index</measures>
            </elementValue>
            <elementValue>
              <value>Moderate</value>
              <measures>Exposure Level</measures>
            </elementValue>
          </time>
          <time>
            <startTime>2021-02-12T06:00:00+08:00</startTime>
            <endTime>2021-02-12T18:00:00+08:00</endTime>
            <elementValue>
              <value>5</value>
              <measures>UV Index</measures>
            </elementValue>
            <elementValue>
              <value>Moderate</value>
              <measures>Exposure Level</measures>
            </elementValue>
          </time>
          <time>
            <startTime>2021-02-13T06:00:00+08:00</startTime>
            <endTime>2021-02-13T18:00:00+08:00</endTime>
            <elementValue>
              <value>5</value>
              <measures>UV Index</measures>
            </elementValue>
            <elementValue>
              <value>Moderate</value>
              <measures>Exposure Level</measures>
            </elementValue>
          </time>
          <time>
            <startTime>2021-02-14T06:00:00+08:00</startTime>
            <endTime>2021-02-14T18:00:00+08:00</endTime>
            <elementValue>
              <value>6</value>
              <measures>UV Index</measures>
            </elementValue>
            <elementValue>
              <value>High</value>
              <measures>Exposure Level</measures>
            </elementValue>
          </time>
          <time>
            <startTime>2021-02-15T06:00:00+08:00</startTime>
            <endTime>2021-02-15T18:00:00+08:00</endTime>
            <elementValue>
              <value>6</value>
              <measures>UV Index</measures>
            </elementValue>
            <elementValue>
              <value>High</value>
              <measures>Exposure Level</measures>
            </elementValue>
          </time>
        </weatherElement>
        <weatherElement>
          <elementName>WeatherDescription</elementName>
          <description>weather description</description>
          <time>
            <startTime>2021-02-09T00:00:00+08:00</startTime>
            <endTime>2021-02-10T00:00:00+08:00</endTime>
            <elementValue>
              <value>Mostly clear. Temperature between 15 and 26 centigrade. Cold~Comfortable. NW wind 4m/s. Chance of precipitation 0%.</value>
              <measures>NA</measures>
            </elementValue>
          </time>
          <time>
            <startTime>2021-02-10T00:00:00+08:00</startTime>
            <endTime>2021-02-11T00:00:00+08:00</endTime>
            <elementValue>
              <value>Partly cloudy with occasional rain. Temperature between 15 and 26 centigrade. Cold~Comfortable. S wind 4m/s. Chance of precipitation 60%.</value>
              <measures>NA</measures>
            </elementValue>
          </time>
          <time>
            <startTime>2021-02-11T00:00:00+08:00</startTime>
            <endTime>2021-02-12T00:00:00+08:00</endTime>
            <elementValue>
              <value>Partly cloudy with occasional showers or thunderstorms. Temperature between 16 and 24 centigrade. Cool~Comfortable. N wind 6m/s. Chance of precipitation 70%.</value>
              <measures>NA</measures>
            </elementValue>
          </time>
          <time>
            <startTime>2021-02-12T00:00:00+08:00</startTime>
            <endTime>2021-02-13T00:00:00+08:00</endTime>
            <elementValue>
              <value>Partly cloudy. Temperature between 14 and 24 centigrade. Cold~Comfortable. N wind 3m/s. </value>
              <measures>NA</measures>
            </elementValue>
          </time>
          <time>
            <startTime>2021-02-13T00:00:00+08:00</startTime>
            <endTime>2021-02-14T00:00:00+08:00</endTime>
            <elementValue>
              <value>Partly clear. Temperature between 14 and 25 centigrade. Cold~Comfortable. N wind 2m/s. </value>
              <measures>NA</measures>
            </elementValue>
          </time>
          <time>
            <startTime>2021-02-14T00:00:00+08:00</startTime>
            <endTime>2021-02-15T00:00:00+08:00</endTime>
            <elementValue>
              <value>Mostly clear. Temperature between 14 and 26 centigrade. Cold~Comfortable. N wind 3m/s. </value>
              <measures>NA</measures>
            </elementValue>
          </time>
          <time>
            <startTime>2021-02-15T00:00:00+08:00</startTime>
            <endTime>2021-02-16T00:00:00+08:00</endTime>
            <elementValue>
              <value>Mostly clear. Temperature between 14 and 26 centigrade. Cold~Comfortable. N wind 3m/s. </value>
              <measures>NA</measures>
            </elementValue>
          </time>
        </weatherElement>
      </location>
    </locations>
  </dataset>
</cwbopendata>
